"시도별","연령별",2018,2018,2019,2019,2020,2020,2021,2021,2022,2022
"시도별","연령별",남편,아내,남편,아내,남편,아내,남편,아내,남편,아내
"전국","계",257622,257622,239159,239159,213502,213502,192507,192507,191690,191690
"전국","15세미만",0,0,0,0,0,0,0,0,0,0
"전국","15세",1,14,1,15,1,16,2,12,2,8
"전국","16세",8,45,14,38,10,27,6,25,4,16
"전국","17세",32,110,28,96,18,80,21,43,12,49
"전국","18세",129,1004,100,1123,60,471,53,208,51,326
"전국","19세",297,1493,239,1402,193,921,141,519,140,644
"전국","20세",407,1811,325,1475,269,1070,238,765,217,905
"전국","21세",627,2272,542,2001,476,1370,402,1148,375,1236
"전국","22세",1080,3208,883,2783,789,2045,724,1609,673,1660
"전국","23세",1823,4531,1581,4018,1248,3089,1085,2486,1081,2480
"전국","24세",2842,6810,2559,5905,2163,4942,1810,3977,1738,3832
"전국","25세",4841,10845,4206,9025,3632,7589,3217,6331,2815,5877
"전국","26세",7933,16002,6976,13955,6154,11694,5243,9690,4907,9118
"전국","27세",10445,19427,9851,17932,9125,15860,7632,13102,6983,11926
"전국","28세",13836,21087,12734,19828,12442,19008,10897,16152,9891,14714
"전국","29세",18157,23073,16536,20935,15353,20090,14012,18309,12958,17371
"전국","30세",19764,20981,17694,19229,16751,18072,14816,16868,14679,17185
"전국","31세",20564,18161,18187,16855,16964,15701,15260,14660,14844,15185
"전국","32세",19489,14900,17633,14233,16180,13036,14468,12175,14370,12759
"전국","33세",17334,12439,16002,11646,14448,10735,13244,10038,12959,10568
"전국","34세",15693,10613,13716,9468,12896,8734,11462,8060,11569,8490
"전국","35세",13897,9015,12332,8269,10604,6981,9541,6692,9726,6892
"전국","36세",11647,7676,10862,7192,9045,6059,8015,5241,8234,5629
"전국","37세",9696,6021,9240,6004,7927,5374,7065,4761,6894,4623
"전국","38세",7589,4928,7623,4910,6568,4383,5941,4006,6030,3983
"전국","39세",6046,3919,6205,4071,5541,3695,5166,3582,5377,3597
"전국","40세",5070,3072,4919,3147,4541,2943,4230,2906,4565,3120
"전국","41세",4271,2599,4065,2610,3571,2314,3458,2453,3813,2535
"전국","42세",3738,2367,3712,2234,3076,1979,2726,1962,3122,2069
"전국","43세",3576,2179,3308,1981,2611,1670,2373,1648,2638,1757
"전국","44세",3358,2186,3214,2006,2345,1594,2099,1443,2238,1468
"전국","45세",3004,2070,2968,1945,2239,1541,1955,1378,1973,1345
"전국","46세",2723,2022,2702,1818,2071,1557,1783,1350,1931,1282
"전국","47세",2498,1869,2409,1843,1904,1477,1755,1462,1818,1412
"전국","48세",2314,1763,2262,1749,1785,1438,1603,1415,1758,1304
"전국","49세",2161,1710,2020,1693,1725,1491,1588,1416,1612,1402
"전국","50세",1854,1652,1961,1637,1593,1450,1487,1389,1592,1351
"전국","51세",1746,1490,1683,1512,1502,1376,1409,1331,1514,1242
"전국","52세",1627,1392,1619,1299,1366,1193,1406,1280,1399,1167
"전국","53세",1504,1347,1647,1322,1350,1049,1260,1100,1467,1217
"전국","54세",1418,1122,1387,1221,1236,1064,1174,1026,1303,1083
"전국","55세",1468,1114,1315,1050,1208,1009,1096,928,1111,943
"전국","56세",1345,1044,1394,1065,1040,876,1042,898,1086,881
"전국","57세",1382,1059,1313,947,1061,875,930,768,1074,823
"전국","58세",1247,852,1300,957,1020,764,948,748,947,726
"전국","59세",1015,724,1148,787,981,753,934,712,979,725
"전국","60세",919,648,1005,646,902,658,874,696,934,625
"전국","61세",742,517,843,571,795,510,912,573,858,651
"전국","62세",626,403,710,452,643,451,705,491,802,521
"전국","63세",548,333,598,343,524,384,522,357,614,453
"전국","64세",410,240,558,305,482,308,500,336,566,354
"전국","65세",364,202,358,249,407,261,430,325,417,320
"전국","66세",323,173,343,188,292,195,341,244,412,278
"전국","67세",250,145,256,147,277,187,289,191,352,226
"전국","68세",235,140,234,158,244,159,233,178,273,192
"전국","69세",259,156,263,137,229,123,243,148,239,176
"전국","70세",217,100,216,120,193,124,189,117,197,153
"전국","71세",177,102,203,114,160,94,189,136,137,109
"전국","72세",139,59,173,78,189,81,188,91,188,119
"전국","73세",130,65,130,53,166,98,184,95,156,99
"전국","74세",127,57,125,65,120,75,152,97,145,86
"전국","75세",127,52,103,52,95,55,114,59,163,79
"전국","76세이상",533,212,625,250,702,284,725,301,768,324
"전국","미상",0,0,1,0,0,0,0,0,0,0
"서울특별시","계",52005,52696,48261,48489,44746,45587,37012,38051,35752,37028
"서울특별시","15세미만",0,0,0,0,0,0,0,0,0,0
"서울특별시","15세",0,3,0,0,0,3,0,2,0,3
"서울특별시","16세",2,3,2,1,1,2,2,0,1,0
"서울특별시","17세",2,7,2,6,1,4,2,9,0,1
"서울특별시","18세",9,33,11,34,6,24,5,15,3,13
"서울특별시","19세",39,78,29,62,20,49,8,42,11,27
"서울특별시","20세",44,120,38,88,26,79,21,64,16,49
"서울특별시","21세",71,184,39,140,58,123,35,90,28,82
"서울특별시","22세",106,315,92,224,80,192,66,147,65,125
"서울특별시","23세",213,502,165,390,154,364,130,256,111,267
"서울특별시","24세",310,856,325,736,239,585,198,459,191,459
"서울특별시","25세",655,1565,526,1276,465,1100,374,881,320,781
"서울특별시","26세",1158,2717,994,2229,922,2028,712,1451,596,1345
"서울특별시","27세",1689,3737,1610,3325,1484,3074,1156,2340,1025,1919
"서울특별시","28세",2530,4596,2309,4310,2373,4183,1865,3142,1564,2806
"서울특별시","29세",3606,5334,3338,4903,3140,4768,2593,3873,2220,3535
"서울특별시","30세",4266,5190,3928,4735,3745,4627,3011,3764,2835,3800
"서울특별시","31세",4708,4519,4159,4281,4112,4190,3182,3420,3112,3511
"서울특별시","32세",4675,3858,4180,3602,4017,3479,3161,3044,3053,3114
"서울특별시","33세",4217,3203,3875,2948,3724,2954,3043,2577,2872,2605
"서울특별시","34세",3802,2649,3392,2329,3268,2315,2590,1945,2595,2074
"서울특별시","35세",3488,2249,3042,2073,2645,1765,2248,1671,2251,1659
"서울특별시","36세",2766,1867,2611,1712,2259,1474,1842,1204,1870,1276
"서울특별시","37세",2205,1340,2122,1393,1892,1240,1599,1141,1504,1062
"서울특별시","38세",1702,1109,1667,1101,1558,1078,1342,849,1331,874
"서울특별시","39세",1282,794,1336,820,1299,850,1123,727,1072,732
"서울특별시","40세",960,631,978,632,969,592,852,545,941,647
"서울특별시","41세",830,471,740,493,715,450,660,469,777,446
"서울특별시","42세",649,403,682,379,590,345,474,311,574,347
"서울특별시","43세",606,358,564,288,489,281,405,239,472,276
"서울특별시","44세",545,349,532,298,395,235,368,239,395,205
"서울특별시","45세",507,272,508,250,370,212,314,216,318,179
"서울특별시","46세",418,290,417,268,319,199,282,176,269,159
"서울특별시","47세",353,287,366,255,291,201,238,202,266,187
"서울특별시","48세",331,206,301,236,234,192,229,188,215,160
"서울특별시","49세",304,221,297,216,229,191,231,167,205,165
"서울특별시","50세",246,232,274,223,214,179,193,165,195,174
"서울특별시","51세",221,201,194,178,192,145,161,178,199,164
"서울특별시","52세",210,177,208,205,176,161,167,161,167,155
"서울특별시","53세",177,183,196,193,158,149,158,143,165,133
"서울특별시","54세",168,148,188,170,157,150,142,128,153,139
"서울특별시","55세",177,147,172,146,135,123,129,100,154,114
"서울특별시","56세",160,149,173,160,125,131,119,108,134,104
"서울특별시","57세",166,169,169,133,134,123,121,97,118,117
"서울특별시","58세",178,138,166,149,135,104,129,107,117,91
"서울특별시","59세",160,123,170,126,135,117,132,109,128,95
"서울특별시","60세",147,110,142,106,124,92,127,117,127,101
"서울특별시","61세",118,75,125,95,115,81,126,96,114,101
"서울특별시","62세",87,83,109,68,90,84,104,85,109,87
"서울특별시","63세",91,62,85,61,82,78,81,71,81,62
"서울특별시","64세",64,41,101,57,67,55,66,66,87,53
"서울특별시","65세",60,32,57,52,67,53,79,57,58,59
"서울특별시","66세",54,36,74,48,56,38,68,41,56,49
"서울특별시","67세",44,33,50,35,51,35,46,39,61,42
"서울특별시","68세",39,33,43,41,41,29,40,54,39,31
"서울특별시","69세",51,28,50,33,43,27,42,34,46,36
"서울특별시","70세",45,33,39,26,31,28,35,23,29,35
"서울특별시","71세",27,25,43,29,27,15,42,40,18,24
"서울특별시","72세",32,19,39,21,41,19,40,20,43,27
"서울특별시","73세",27,13,25,14,33,20,43,17,33,26
"서울특별시","74세",28,12,31,10,33,19,30,25,28,15
"서울특별시","75세",27,15,18,12,22,13,19,19,23,20
"서울특별시","76세이상",153,63,143,65,173,71,212,86,192,84
"서울특별시","미상",0,0,0,0,0,0,0,0,0,0
"부산광역시","계",14781,15424,13780,14079,12128,12772,11081,11659,10618,10968
"부산광역시","15세미만",0,0,0,0,0,0,0,0,0,0
"부산광역시","15세",0,2,0,4,0,1,0,2,0,0
"부산광역시","16세",1,2,0,3,0,1,1,1,1,2
"부산광역시","17세",1,4,2,6,0,3,2,0,0,2
"부산광역시","18세",8,14,2,19,2,6,0,6,6,3
"부산광역시","19세",10,29,11,29,9,27,7,26,7,18
"부산광역시","20세",17,56,14,44,13,47,15,32,8,30
"부산광역시","21세",33,66,29,71,17,56,20,50,19,40
"부산광역시","22세",52,121,50,119,33,87,32,73,30,67
"부산광역시","23세",82,200,79,170,75,150,57,138,50,92
"부산광역시","24세",142,332,112,292,100,223,78,203,71,175
"부산광역시","25세",229,577,190,490,172,415,157,346,126,273
"부산광역시","26세",426,944,383,782,291,649,256,549,246,483
"부산광역시","27세",567,1131,532,1022,451,905,401,772,362,645
"부산광역시","28세",744,1269,688,1131,668,1196,599,978,498,869
"부산광역시","29세",1039,1469,933,1341,906,1272,831,1128,696,1018
"부산광역시","30세",1140,1321,1004,1239,965,1230,900,1093,819,1074
"부산광역시","31세",1180,1163,1073,1094,1015,981,958,1012,823,908
"부산광역시","32세",1167,991,1127,934,972,780,861,778,868,824
"부산광역시","33세",1039,802,939,715,841,688,800,594,767,639
"부산광역시","34세",949,708,842,595,781,506,685,518,701,535
"부산광역시","35세",860,600,793,503,628,444,580,400,569,426
"부산광역시","36세",699,471,644,455,515,367,484,322,464,338
"부산광역시","37세",603,403,538,364,483,335,425,282,407,260
"부산광역시","38세",448,315,451,289,391,287,308,251,357,229
"부산광역시","39세",393,239,366,236,325,224,286,211,331,200
"부산광역시","40세",281,218,301,212,298,191,264,175,223,174
"부산광역시","41세",253,146,238,165,200,144,161,169,221,145
"부산광역시","42세",217,121,210,130,181,100,175,114,163,100
"부산광역시","43세",185,142,174,101,133,94,140,91,141,95
"부산광역시","44세",179,118,169,101,108,89,107,87,111,81
"부산광역시","45세",167,118,165,96,127,71,94,69,103,86
"부산광역시","46세",123,113,147,80,87,75,93,83,104,64
"부산광역시","47세",134,92,125,103,105,80,99,73,91,84
"부산광역시","48세",106,107,117,99,106,88,83,77,85,72
"부산광역시","49세",116,90,105,88,71,89,74,91,91,85
"부산광역시","50세",100,97,94,59,77,88,66,77,83,62
"부산광역시","51세",91,91,92,90,73,75,79,67,89,73
"부산광역시","52세",106,79,89,93,79,51,75,70,81,62
"부산광역시","53세",81,74,81,71,67,68,72,60,72,66
"부산광역시","54세",68,66,66,84,68,50,59,57,59,61
"부산광역시","55세",83,53,69,58,64,74,76,70,52,45
"부산광역시","56세",75,56,92,74,57,44,53,50,45,50
"부산광역시","57세",76,65,79,46,52,56,42,44,50,50
"부산광역시","58세",72,47,62,64,61,42,59,44,50,42
"부산광역시","59세",55,48,60,44,59,43,66,39,68,41
"부산광역시","60세",49,39,61,42,56,37,45,49,49,32
"부산광역시","61세",39,40,49,37,37,32,58,38,46,30
"부산광역시","62세",38,29,47,31,29,32,35,27,40,38
"부산광역시","63세",27,19,36,22,35,38,33,25,45,30
"부산광역시","64세",20,23,42,11,34,23,28,23,35,20
"부산광역시","65세",26,13,20,25,31,18,22,19,25,16
"부산광역시","66세",23,16,21,14,12,14,17,12,25,19
"부산광역시","67세",22,12,14,14,15,10,26,11,21,14
"부산광역시","68세",19,11,17,20,18,10,13,15,12,13
"부산광역시","69세",21,9,20,8,14,5,18,7,11,12
"부산광역시","70세",11,7,13,4,14,5,12,12,12,4
"부산광역시","71세",10,7,14,10,8,12,10,5,12,6
"부산광역시","72세",11,3,13,4,19,9,11,6,12,8
"부산광역시","73세",8,8,10,0,10,8,9,10,9,10
"부산광역시","74세",8,4,15,9,8,4,13,8,8,7
"부산광역시","75세",12,4,9,5,3,3,11,5,13,3
"부산광역시","76세이상",40,10,42,18,59,20,40,15,35,18
"부산광역시","미상",0,0,0,0,0,0,0,0,0,0
"대구광역시","계",10967,11055,9880,9824,8340,8569,7287,7530,7497,7591
"대구광역시","15세미만",0,0,0,0,0,0,0,0,0,0
"대구광역시","15세",0,0,0,0,0,0,0,0,0,0
"대구광역시","16세",0,1,1,0,0,1,0,0,0,0
"대구광역시","17세",0,3,2,3,0,3,0,2,0,3
"대구광역시","18세",6,13,7,7,2,7,2,9,1,6
"대구광역시","19세",14,33,11,31,8,18,4,11,3,9
"대구광역시","20세",21,41,7,20,12,35,5,13,5,16
"대구광역시","21세",27,69,24,65,14,51,17,43,17,47
"대구광역시","22세",40,91,28,72,36,69,34,54,36,51
"대구광역시","23세",59,173,57,151,41,103,24,96,33,86
"대구광역시","24세",93,290,79,220,71,206,63,157,58,132
"대구광역시","25세",159,463,168,372,124,343,100,228,97,221
"대구광역시","26세",361,721,276,671,244,524,192,411,170,375
"대구광역시","27세",440,928,405,846,345,713,301,548,247,539
"대구광역시","28세",636,982,523,907,511,805,391,641,379,580
"대구광역시","29세",780,1046,735,923,629,848,520,750,490,737
"대구광역시","30세",910,962,783,856,743,740,602,734,642,779
"대구광역시","31세",973,811,802,682,713,633,604,630,624,652
"대구광역시","32세",831,649,783,599,665,557,588,466,627,531
"대구광역시","33세",782,532,724,501,592,409,568,346,565,429
"대구광역시","34세",667,500,565,359,458,361,452,310,486,338
"대구광역시","35세",620,368,508,316,456,245,370,218,426,246
"대구광역시","36세",492,318,460,260,348,249,301,198,323,213
"대구광역시","37세",424,235,390,244,325,220,274,196,269,165
"대구광역시","38세",313,222,335,213,251,147,198,153,227,149
"대구광역시","39세",232,164,240,150,195,136,186,126,218,133
"대구광역시","40세",225,126,219,149,187,112,178,135,164,93
"대구광역시","41세",205,119,157,82,115,78,132,84,153,99
"대구광역시","42세",142,103,147,75,107,62,110,69,107,78
"대구광역시","43세",137,73,134,68,91,56,78,69,96,72
"대구광역시","44세",126,70,126,81,85,43,85,40,87,56
"대구광역시","45세",122,73,111,70,80,58,55,54,62,44
"대구광역시","46세",115,81,106,65,65,58,66,57,66,52
"대구광역시","47세",84,76,88,81,61,41,67,48,70,54
"대구광역시","48세",83,70,95,67,71,56,55,57,64,53
"대구광역시","49세",87,67,65,52,56,57,71,53,56,48
"대구광역시","50세",55,65,73,71,59,42,43,57,42,37
"대구광역시","51세",74,70,68,73,55,54,53,57,46,44
"대구광역시","52세",75,54,66,50,50,47,39,48,51,38
"대구광역시","53세",53,47,64,40,36,44,53,40,44,50
"대구광역시","54세",67,35,56,43,42,40,42,45,46,41
"대구광역시","55세",55,50,39,45,46,41,42,28,38,28
"대구광역시","56세",41,33,44,41,44,30,34,33,34,29
"대구광역시","57세",58,51,39,29,35,29,27,31,47,25
"대구광역시","58세",56,32,46,29,27,21,28,24,25,26
"대구광역시","59세",34,23,17,23,27,34,30,24,41,23
"대구광역시","60세",24,21,33,24,42,28,24,30,32,17
"대구광역시","61세",26,21,28,16,21,14,36,17,29,25
"대구광역시","62세",28,10,18,11,19,19,33,12,19,21
"대구광역시","63세",22,12,23,10,17,11,8,9,18,10
"대구광역시","64세",18,6,17,9,20,5,17,10,19,8
"대구광역시","65세",11,8,16,8,14,7,13,10,11,11
"대구광역시","66세",6,7,11,8,6,5,8,8,10,12
"대구광역시","67세",11,8,8,7,11,3,7,4,9,15
"대구광역시","68세",9,1,4,4,2,5,2,4,4,10
"대구광역시","69세",5,8,6,3,6,5,4,5,10,3
"대구광역시","70세",7,2,7,6,8,8,3,8,6,5
"대구광역시","71세",3,2,7,3,6,2,11,5,7,1
"대구광역시","72세",3,1,6,2,6,8,6,4,3,3
"대구광역시","73세",0,2,1,1,7,2,4,2,3,1
"대구광역시","74세",5,5,4,0,5,6,4,0,6,1
"대구광역시","75세",3,2,2,2,4,2,3,1,2,3
"대구광역시","76세이상",12,6,16,8,24,13,20,8,27,18
"대구광역시","미상",0,0,0,0,0,0,0,0,0,0
"인천광역시","계",14850,14570,13401,13027,11574,11755,10881,10895,10849,10713
"인천광역시","15세미만",0,0,0,0,0,0,0,0,0,0
"인천광역시","15세",0,0,0,1,0,0,0,1,0,2
"인천광역시","16세",1,11,0,3,1,1,0,2,0,0
"인천광역시","17세",1,5,2,4,0,5,1,3,0,2
"인천광역시","18세",10,20,1,15,3,14,2,17,3,9
"인천광역시","19세",20,50,14,50,16,34,6,26,12,17
"인천광역시","20세",29,69,21,44,18,50,13,45,13,36
"인천광역시","21세",43,108,29,80,37,72,26,54,22,47
"인천광역시","22세",66,157,51,125,48,126,57,94,35,86
"인천광역시","23세",125,252,88,185,84,172,62,138,69,128
"인천광역시","24세",196,390,169,305,143,263,111,230,110,192
"인천광역시","25세",305,600,256,498,233,431,192,384,169,315
"인천광역시","26세",487,965,422,806,383,637,337,530,279,498
"인천광역시","27세",618,1158,630,1021,504,887,458,729,375,632
"인천광역시","28세",817,1229,723,1128,727,1036,678,986,578,839
"인천광역시","29세",1060,1287,881,1110,847,1126,804,1049,758,1006
"인천광역시","30세",1068,1086,971,1074,854,949,781,930,808,973
"인천광역시","31세",1141,996,951,889,864,815,853,809,772,862
"인천광역시","32세",1035,814,915,693,756,660,746,693,817,684
"인천광역시","33세",924,650,861,607,687,543,710,521,714,569
"인천광역시","34세",866,568,714,498,680,475,614,426,629,470
"인천광역시","35세",777,491,646,450,526,363,506,359,528,388
"인천광역시","36세",697,418,584,385,482,340,417,260,442,315
"인천광역시","37세",534,359,504,331,446,276,393,267,416,236
"인천광역시","38세",451,256,426,251,362,254,321,228,340,228
"인천광역시","39세",351,230,324,210,297,192,298,204,311,221
"인천광역시","40세",278,172,291,180,233,182,298,185,231,169
"인천광역시","41세",227,125,228,153,185,119,192,154,236,143
"인천광역시","42세",228,140,212,115,146,115,168,115,169,107
"인천광역시","43세",214,143,183,116,122,97,121,91,138,105
"인천광역시","44세",181,117,171,127,120,104,111,73,147,100
"인천광역시","45세",170,131,181,115,110,95,100,70,109,67
"인천광역시","46세",148,127,158,120,122,88,109,82,100,75
"인천광역시","47세",128,130,143,96,116,88,101,91,102,80
"인천광역시","48세",150,103,109,100,115,88,98,74,107,76
"인천광역시","49세",130,127,120,115,100,95,93,85,100,80
"인천광역시","50세",122,128,129,103,102,88,89,84,78,78
"인천광역시","51세",123,97,107,97,84,99,96,82,81,79
"인천광역시","52세",103,100,125,89,95,78,87,76,84,69
"인천광역시","53세",90,86,100,89,81,64,68,68,88,76
"인천광역시","54세",86,66,71,66,66,65,84,70,80,68
"인천광역시","55세",97,94,97,61,78,74,54,46,60,69
"인천광역시","56세",87,74,112,70,65,61,68,67,74,50
"인천광역시","57세",105,81,86,67,72,57,58,40,73,57
"인천광역시","58세",92,61,83,66,62,40,58,41,62,48
"인천광역시","59세",55,48,87,58,66,66,63,37,57,48
"인천광역시","60세",62,44,60,49,60,48,54,49,68,29
"인천광역시","61세",72,43,63,50,62,32,47,38,57,47
"인천광역시","62세",46,35,47,28,44,34,45,30,52,41
"인천광역시","63세",38,21,41,18,37,28,26,20,41,30
"인천광역시","64세",24,19,34,17,34,21,28,23,35,31
"인천광역시","65세",18,18,20,14,28,19,28,25,31,23
"인천광역시","66세",27,5,28,13,18,13,17,12,24,17
"인천광역시","67세",14,12,14,10,16,7,15,12,29,18
"인천광역시","68세",12,5,11,8,17,12,15,7,13,10
"인천광역시","69세",17,13,14,10,13,8,9,6,20,7
"인천광역시","70세",18,4,9,7,13,10,10,9,8,10
"인천광역시","71세",13,9,18,6,10,7,12,10,5,6
"인천광역시","72세",8,6,3,3,15,3,12,9,11,5
"인천광역시","73세",10,2,7,5,10,9,13,3,10,7
"인천광역시","74세",4,2,9,7,10,7,6,7,12,8
"인천광역시","75세",7,2,8,2,3,1,6,4,11,5
"인천광역시","76세이상",24,11,39,14,46,12,36,15,46,20
"인천광역시","미상",0,0,0,0,0,0,0,0,0,0
"광주광역시","계",6632,6774,6297,6168,5560,5581,4901,5059,4902,4996
"광주광역시","15세미만",0,0,0,0,0,0,0,0,0,0
"광주광역시","15세",0,0,0,0,0,1,0,0,0,0
"광주광역시","16세",0,0,1,1,0,0,0,1,0,0
"광주광역시","17세",1,2,1,1,0,1,1,1,0,1
"광주광역시","18세",3,9,4,8,1,7,1,5,0,4
"광주광역시","19세",12,23,9,23,0,16,4,11,4,18
"광주광역시","20세",14,39,6,35,8,14,5,21,10,15
"광주광역시","21세",17,45,21,50,14,29,6,38,9,28
"광주광역시","22세",31,91,27,63,29,40,24,46,21,34
"광주광역시","23세",50,123,37,114,33,77,21,69,33,58
"광주광역시","24세",79,189,68,157,69,134,44,88,36,112
"광주광역시","25세",122,315,108,228,106,221,80,177,63,149
"광주광역시","26세",197,419,188,381,154,328,115,265,127,274
"광주광역시","27세",259,530,250,469,229,481,195,340,189,343
"광주광역시","28세",359,557,311,529,309,557,292,428,286,438
"광주광역시","29세",436,608,444,553,398,522,336,494,364,474
"광주광역시","30세",500,546,409,478,416,473,367,441,406,475
"광주광역시","31세",498,503,499,443,406,377,386,382,345,402
"광주광역시","32세",481,417,444,409,410,332,362,286,382,309
"광주광역시","33세",497,342,450,288,365,277,333,272,315,251
"광주광역시","34세",472,295,351,272,345,229,256,214,294,213
"광주광역시","35세",378,217,336,221,346,172,244,168,240,183
"광주광역시","36세",319,221,326,205,251,161,228,146,224,139
"광주광역시","37세",275,168,273,167,230,130,199,134,169,111
"광주광역시","38세",199,141,223,106,176,99,174,109,149,101
"광주광역시","39세",170,108,188,116,127,91,127,91,164,104
"광주광역시","40세",137,78,121,70,116,75,126,84,122,83
"광주광역시","41세",121,57,108,58,85,61,99,61,95,50
"광주광역시","42세",92,61,117,56,96,56,67,50,82,62
"광주광역시","43세",80,49,90,55,69,41,76,48,72,46
"광주광역시","44세",95,56,84,53,58,45,59,41,61,34
"광주광역시","45세",89,53,84,41,75,40,60,34,47,36
"광주광역시","46세",68,42,72,36,60,43,41,38,54,37
"광주광역시","47세",62,36,55,42,51,40,48,37,57,36
"광주광역시","48세",49,56,57,42,53,30,54,32,43,22
"광주광역시","49세",42,46,50,41,45,33,29,38,47,30
"광주광역시","50세",40,36,47,45,37,28,41,52,29,28
"광주광역시","51세",37,32,45,37,34,27,32,30,38,34
"광주광역시","52세",34,27,34,22,22,29,31,30,23,31
"광주광역시","53세",28,33,41,33,33,38,45,29,31,21
"광주광역시","54세",32,24,27,32,33,30,32,32,27,24
"광주광역시","55세",28,26,23,25,36,29,28,32,20,21
"광주광역시","56세",32,33,40,23,20,19,25,17,23,15
"광주광역시","57세",35,19,28,19,21,19,18,17,22,12
"광주광역시","58세",22,19,28,16,19,20,18,24,19,23
"광주광역시","59세",20,17,18,19,29,14,27,10,17,19
"광주광역시","60세",20,11,25,14,20,15,23,11,15,10
"광주광역시","61세",19,9,26,13,16,15,11,15,13,17
"광주광역시","62세",10,7,20,15,10,7,18,14,17,18
"광주광역시","63세",17,5,14,8,10,11,10,4,21,8
"광주광역시","64세",5,5,10,6,9,7,10,9,9,5
"광주광역시","65세",7,5,5,4,11,5,18,9,11,7
"광주광역시","66세",3,4,8,6,6,2,7,4,4,6
"광주광역시","67세",4,3,8,2,9,5,5,9,9,3
"광주광역시","68세",8,2,5,2,6,9,5,2,4,1
"광주광역시","69세",3,6,5,1,6,4,5,5,4,2
"광주광역시","70세",5,2,3,2,9,5,5,2,4,3
"광주광역시","71세",3,2,3,3,2,0,2,1,0,1
"광주광역시","72세",1,2,2,0,4,1,8,1,3,1
"광주광역시","73세",4,0,5,2,3,2,3,5,6,1
"광주광역시","74세",1,0,0,0,2,0,1,1,4,2
"광주광역시","75세",2,0,3,2,1,1,2,1,3,2
"광주광역시","76세이상",8,3,12,6,22,6,12,3,16,9
"광주광역시","미상",0,0,0,0,0,0,0,0,0,0
"대전광역시","계",7377,7403,6602,6636,5976,6030,5419,5533,5662,5692
"대전광역시","15세미만",0,0,0,0,0,0,0,0,0,0
"대전광역시","15세",0,0,0,0,0,0,0,0,0,0
"대전광역시","16세",0,1,1,2,0,0,0,0,0,1
"대전광역시","17세",1,2,0,3,1,3,0,2,0,2
"대전광역시","18세",2,8,1,8,1,7,2,5,4,10
"대전광역시","19세",11,32,11,19,4,17,8,20,9,17
"대전광역시","20세",10,36,9,31,9,29,10,26,8,23
"대전광역시","21세",11,60,20,47,11,35,14,34,14,36
"대전광역시","22세",41,88,24,87,36,40,28,47,20,49
"대전광역시","23세",56,126,50,110,32,91,28,72,34,75
"대전광역시","24세",110,215,88,186,68,156,51,130,53,109
"대전광역시","25세",163,350,130,272,105,244,103,206,99,226
"대전광역시","26세",226,550,230,437,186,373,171,342,142,326
"대전광역시","27세",330,632,292,551,284,492,266,424,248,401
"대전광역시","28세",466,622,414,615,339,566,316,488,312,468
"대전광역시","29세",596,648,473,630,461,578,397,524,435,510
"대전광역시","30세",632,594,512,501,464,477,480,511,489,543
"대전광역시","31세",568,523,543,438,498,427,488,441,442,445
"대전광역시","32세",587,418,487,355,498,361,440,376,439,354
"대전광역시","33세",502,352,443,338,424,282,414,283,400,305
"대전광역시","34세",424,280,342,256,372,216,294,185,353,227
"대전광역시","35세",373,244,310,206,270,190,227,184,258,179
"대전광역시","36세",324,203,293,213,200,155,223,133,220,172
"대전광역시","37세",234,166,238,165,186,150,187,117,217,113
"대전광역시","38세",180,140,202,129,173,115,157,111,136,102
"대전광역시","39세",150,108,147,90,156,96,124,89,134,100
"대전광역시","40세",125,84,154,76,106,84,116,86,133,100
"대전광역시","41세",126,60,116,65,108,74,94,70,83,73
"대전광역시","42세",84,57,88,48,86,53,72,45,92,50
"대전광역시","43세",87,43,79,51,74,55,53,44,63,49
"대전광역시","44세",87,75,78,55,64,33,62,33,56,35
"대전광역시","45세",92,56,70,50,60,31,55,38,50,34
"대전광역시","46세",76,66,69,48,62,49,40,35,46,33
"대전광역시","47세",51,58,53,55,44,35,36,33,52,33
"대전광역시","48세",62,48,62,42,49,41,33,26,50,33
"대전광역시","49세",57,52,55,43,41,39,39,39,39,41
"대전광역시","50세",59,42,50,45,30,29,21,30,45,37
"대전광역시","51세",40,41,50,39,33,41,33,30,40,37
"대전광역시","52세",38,37,24,43,39,36,33,31,43,33
"대전광역시","53세",43,37,38,26,33,34,27,27,37,41
"대전광역시","54세",43,37,32,34,22,40,19,30,30,26
"대전광역시","55세",33,31,35,33,41,28,30,27,33,16
"대전광역시","56세",34,28,31,27,33,20,23,21,28,32
"대전광역시","57세",38,19,28,29,31,27,21,17,26,31
"대전광역시","58세",31,24,28,24,21,28,18,15,29,12
"대전광역시","59세",27,18,40,29,35,27,25,19,21,19
"대전광역시","60세",20,19,33,11,33,22,13,14,29,20
"대전광역시","61세",19,14,23,19,27,19,29,15,25,18
"대전광역시","62세",13,13,23,9,25,11,12,7,27,9
"대전광역시","63세",14,6,15,9,12,21,12,4,15,15
"대전광역시","64세",11,4,8,10,14,7,12,8,13,8
"대전광역시","65세",11,2,13,4,8,10,9,4,8,13
"대전광역시","66세",8,6,4,4,11,3,7,6,19,8
"대전광역시","67세",5,4,3,2,9,5,6,3,10,7
"대전광역시","68세",2,4,6,3,5,3,6,3,11,8
"대전광역시","69세",7,4,2,1,6,5,6,3,2,3
"대전광역시","70세",4,1,5,2,6,1,4,1,6,5
"대전광역시","71세",10,1,5,0,6,5,5,1,2,1
"대전광역시","72세",3,1,4,3,1,1,3,4,4,4
"대전광역시","73세",3,2,2,1,4,2,3,2,2,2
"대전광역시","74세",6,3,2,1,2,0,2,1,3,1
"대전광역시","75세",3,2,0,0,0,2,1,1,6,2
"대전광역시","76세이상",8,6,14,6,17,9,11,10,18,10
"대전광역시","미상",0,0,0,0,0,0,0,0,0,0
"울산광역시","계",5894,5346,5442,4883,4737,4410,4077,3894,4013,3773
"울산광역시","15세미만",0,0,0,0,0,0,0,0,0,0
"울산광역시","15세",0,0,0,0,0,0,0,0,1,1
"울산광역시","16세",0,0,1,3,0,1,0,1,0,0
"울산광역시","17세",1,2,0,3,1,0,0,0,1,1
"울산광역시","18세",4,9,4,6,1,6,0,3,0,8
"울산광역시","19세",2,21,3,6,7,8,2,8,3,7
"울산광역시","20세",6,30,3,15,5,21,7,12,1,7
"울산광역시","21세",9,32,8,29,10,19,6,24,4,13
"울산광역시","22세",17,54,18,48,14,28,12,26,7,23
"울산광역시","23세",47,80,41,67,22,60,15,42,10,42
"울산광역시","24세",71,108,42,117,37,89,46,85,25,75
"울산광역시","25세",110,255,95,187,81,156,76,150,52,111
"울산광역시","26세",202,418,168,332,144,266,144,204,122,210
"울산광역시","27세",295,473,258,444,225,378,169,290,158,254
"울산광역시","28세",358,482,378,487,329,440,275,399,231,321
"울산광역시","29세",493,484,460,429,378,478,311,385,316,402
"울산광역시","30세",505,446,443,431,442,395,351,376,345,377
"울산광역시","31세",504,355,444,339,439,333,344,294,363,292
"울산광역시","32세",420,268,414,257,370,238,316,201,329,231
"울산광역시","33세",362,228,343,190,299,203,262,186,267,191
"울산광역시","34세",305,198,279,173,246,149,218,131,233,131
"울산광역시","35세",290,159,250,134,200,122,200,92,177,97
"울산광역시","36세",225,150,221,121,175,103,147,91,132,91
"울산광역시","37세",198,113,181,104,156,86,101,76,127,75
"울산광역시","38세",172,87,132,80,117,69,106,80,112,68
"울산광역시","39세",130,80,130,80,97,63,108,64,102,71
"울산광역시","40세",120,66,98,60,91,63,90,54,79,57
"울산광역시","41세",93,54,84,53,73,38,48,52,75,30
"울산광역시","42세",67,51,75,50,60,50,54,45,56,37
"울산광역시","43세",83,42,71,40,55,40,51,21,46,49
"울산광역시","44세",57,52,50,45,48,40,44,32,51,26
"울산광역시","45세",54,52,63,39,51,31,39,24,30,29
"울산광역시","46세",62,37,62,43,43,42,36,29,41,33
"울산광역시","47세",68,52,62,40,41,25,31,38,29,23
"울산광역시","48세",55,42,39,47,42,30,39,36,41,31
"울산광역시","49세",48,34,48,38,40,45,38,31,47,37
"울산광역시","50세",49,43,48,45,36,21,28,37,32,23
"울산광역시","51세",49,40,42,51,36,29,30,35,33,29
"울산광역시","52세",50,34,37,31,26,32,34,32,29,39
"울산광역시","53세",30,31,51,32,32,25,22,28,30,30
"울산광역시","54세",34,29,43,28,28,12,22,27,30,30
"울산광역시","55세",36,19,22,22,24,28,34,27,20,18
"울산광역시","56세",33,20,37,17,31,25,34,11,28,23
"울산광역시","57세",32,19,39,22,34,30,25,18,29,14
"울산광역시","58세",26,24,23,20,19,17,24,13,16,16
"울산광역시","59세",20,17,13,12,27,19,30,13,20,20
"울산광역시","60세",20,12,16,11,24,13,19,10,22,10
"울산광역시","61세",10,14,19,12,17,11,16,10,23,12
"울산광역시","62세",10,6,12,11,12,4,12,18,13,8
"울산광역시","63세",12,7,12,5,7,6,4,3,15,12
"울산광역시","64세",10,3,11,5,10,4,10,5,10,9
"울산광역시","65세",9,0,7,4,7,3,6,1,6,4
"울산광역시","66세",5,4,6,2,5,2,5,3,12,6
"울산광역시","67세",3,2,4,2,3,5,7,4,2,0
"울산광역시","68세",4,3,7,2,4,2,2,2,1,3
"울산광역시","69세",2,2,6,3,2,3,3,2,3,5
"울산광역시","70세",3,1,4,1,3,3,2,2,8,0
"울산광역시","71세",3,2,3,1,2,0,4,2,1,2
"울산광역시","72세",1,0,0,2,3,0,3,2,2,2
"울산광역시","73세",4,0,0,0,1,0,2,3,1,1
"울산광역시","74세",1,0,1,2,0,0,0,1,0,1
"울산광역시","75세",1,0,0,0,2,0,4,1,1,2
"울산광역시","76세이상",4,0,11,3,3,1,9,2,13,3
"울산광역시","미상",0,0,0,0,0,0,0,0,0,0
"세종특별자치시","계",2038,1811,2039,1818,1854,1687,1627,1492,1664,1514
"세종특별자치시","15세미만",0,0,0,0,0,0,0,0,0,0
"세종특별자치시","15세",0,0,0,0,0,1,0,0,0,0
"세종특별자치시","16세",0,1,0,1,0,1,0,0,0,0
"세종특별자치시","17세",0,0,2,1,0,0,0,0,0,0
"세종특별자치시","18세",3,1,0,1,2,0,0,0,0,1
"세종특별자치시","19세",0,7,0,5,3,2,0,2,1,2
"세종특별자치시","20세",2,9,1,6,1,10,0,2,0,4
"세종특별자치시","21세",3,9,3,3,0,10,1,4,0,6
"세종특별자치시","22세",4,11,3,9,3,9,1,11,3,8
"세종특별자치시","23세",6,30,10,28,8,17,4,13,6,16
"세종특별자치시","24세",12,45,13,34,7,23,11,19,9,20
"세종특별자치시","25세",31,77,25,56,18,53,17,41,14,38
"세종특별자치시","26세",54,114,56,121,48,92,31,82,35,57
"세종특별자치시","27세",85,152,68,149,69,147,40,118,62,99
"세종특별자치시","28세",132,183,120,170,111,179,105,142,76,112
"세종특별자치시","29세",178,207,162,183,148,190,127,154,108,163
"세종특별자치시","30세",192,163,170,175,189,171,147,173,121,161
"세종특별자치시","31세",190,144,201,149,162,137,173,122,134,160
"세종특별자치시","32세",187,105,206,138,165,123,141,107,159,127
"세종특별자치시","33세",162,102,169,109,165,91,125,84,155,93
"세종특별자치시","34세",133,74,130,68,138,56,124,68,148,95
"세종특별자치시","35세",102,62,111,62,95,59,93,49,111,59
"세종특별자치시","36세",90,56,86,60,93,51,72,48,87,43
"세종특별자치시","37세",95,32,70,46,59,45,58,30,69,27
"세종특별자치시","38세",54,36,76,28,52,20,46,34,38,26
"세종특별자치시","39세",47,35,58,29,60,24,47,33,45,23
"세종특별자치시","40세",46,14,30,22,34,20,29,20,44,26
"세종특별자치시","41세",22,18,25,14,19,9,32,21,31,11
"세종특별자치시","42세",18,9,29,13,33,20,23,11,25,10
"세종특별자치시","43세",30,11,18,11,19,14,19,13,16,8
"세종특별자치시","44세",12,7,26,15,19,7,17,4,6,8
"세종특별자치시","45세",15,4,16,15,10,5,16,5,6,10
"세종특별자치시","46세",16,8,20,8,6,12,12,5,12,6
"세종특별자치시","47세",13,8,11,11,7,4,14,4,19,4
"세종특별자치시","48세",8,11,14,7,12,6,12,8,7,6
"세종특별자치시","49세",9,6,7,4,10,7,6,5,10,4
"세종특별자치시","50세",6,7,4,5,6,11,8,6,12,7
"세종특별자치시","51세",8,5,7,8,9,7,7,5,5,9
"세종특별자치시","52세",7,4,12,3,5,9,10,8,11,5
"세종특별자치시","53세",7,4,7,12,9,7,7,2,12,14
"세종특별자치시","54세",6,2,8,7,4,1,4,4,8,7
"세종특별자치시","55세",10,4,7,5,5,4,3,4,10,5
"세종특별자치시","56세",4,6,15,2,5,1,5,2,3,3
"세종특별자치시","57세",7,7,11,6,4,2,2,4,5,4
"세종특별자치시","58세",4,3,5,6,6,5,3,1,7,3
"세종특별자치시","59세",3,4,1,3,4,4,4,5,4,3
"세종특별자치시","60세",6,5,8,2,5,2,9,3,6,3
"세종특별자치시","61세",1,0,2,1,2,4,4,5,6,5
"세종특별자치시","62세",1,2,2,1,4,0,6,2,5,7
"세종특별자치시","63세",2,3,2,0,0,2,1,0,1,0
"세종특별자치시","64세",3,0,2,1,2,0,0,2,2,2
"세종특별자치시","65세",2,0,1,1,2,1,1,1,3,0
"세종특별자치시","66세",1,1,2,0,2,1,2,1,0,1
"세종특별자치시","67세",3,0,2,1,1,3,0,0,4,0
"세종특별자치시","68세",1,0,3,1,1,0,1,0,0,0
"세종특별자치시","69세",1,0,0,0,0,0,0,1,1,0
"세종특별자치시","70세",1,0,1,1,1,1,0,0,0,0
"세종특별자치시","71세",1,0,0,0,1,1,1,0,1,0
"세종특별자치시","72세",0,1,0,0,2,1,0,1,0,0
"세종특별자치시","73세",1,0,0,0,1,1,0,1,1,1
"세종특별자치시","74세",0,2,0,0,2,0,1,1,0,1
"세종특별자치시","75세",0,0,0,1,0,0,0,0,0,1
"세종특별자치시","76세이상",1,0,1,0,6,4,5,1,0,0
"세종특별자치시","미상",0,0,0,0,0,0,0,0,0,0
"경기도","계",66877,63586,62356,58932,57814,55168,54658,52616,54178,51352
"경기도","15세미만",0,0,0,0,0,0,0,0,0,0
"경기도","15세",1,2,1,5,0,5,0,5,1,0
"경기도","16세",1,6,2,7,4,5,2,5,0,3
"경기도","17세",10,25,4,15,6,13,7,7,1,12
"경기도","18세",32,77,18,61,19,56,17,47,12,28
"경기도","19세",66,191,52,152,51,160,34,104,40,77
"경기도","20세",80,249,75,213,61,196,52,167,52,140
"경기도","21세",146,394,145,339,125,247,113,271,93,236
"경기도","22세",239,671,208,563,192,469,179,418,167,344
"경기도","23세",454,1018,387,846,292,687,280,598,259,569
"경기도","24세",709,1609,666,1389,600,1292,515,1045,474,991
"경기도","25세",1304,2728,1100,2216,1020,1971,902,1657,772,1541
"경기도","26세",2052,4064,1834,3495,1688,3052,1474,2706,1407,2441
"경기도","27세",2769,4999,2685,4641,2581,4164,2115,3649,1974,3353
"경기도","28세",3708,5347,3353,5147,3437,4992,3146,4557,2911,4084
"경기도","29세",4835,5950,4286,5295,4227,5346,4120,5216,3797,4767
"경기도","30세",5172,5236,4618,4855,4546,4697,4261,4763,4264,4708
"경기도","31세",5429,4534,4756,4168,4550,4062,4357,4052,4321,4203
"경기도","32세",5081,3629,4561,3460,4385,3375,4276,3333,4088,3503
"경기도","33세",4409,3032,4158,2888,3822,2662,3782,2734,3595,2817
"경기도","34세",4061,2578,3600,2348,3438,2249,3296,2202,3288,2259
"경기도","35세",3589,2215,3212,2067,2829,1822,2759,1816,2694,1838
"경기도","36세",2993,1859,2831,1710,2399,1536,2242,1417,2326,1517
"경기도","37세",2540,1493,2368,1478,2107,1415,2019,1215,1897,1201
"경기도","38세",1871,1186,1961,1187,1812,1132,1698,1030,1703,1039
"경기도","39세",1520,1005,1654,1054,1517,979,1496,1013,1558,968
"경기도","40세",1347,736,1286,736,1196,750,1162,772,1354,809
"경기도","41세",1118,623,1091,670,1004,610,1001,621,1027,673
"경기도","42세",989,611,972,589,865,541,763,497,879,582
"경기도","43세",947,532,900,481,740,434,621,454,753,439
"경기도","44세",852,538,818,494,648,436,572,401,605,389
"경기도","45세",745,535,735,492,592,410,535,349,548,329
"경기도","46세",734,511,677,454,578,383,491,354,523,335
"경기도","47세",638,492,621,457,519,406,494,390,471,363
"경기도","48세",578,474,629,425,491,362,467,368,480,329
"경기도","49세",575,437,536,461,499,394,446,364,442,361
"경기도","50세",478,398,526,424,448,392,396,377,455,371
"경기도","51세",437,381,445,383,407,369,396,351,389,333
"경기도","52세",407,353,422,323,352,314,379,356,371,308
"경기도","53세",409,388,438,348,361,267,315,314,397,314
"경기도","54세",375,307,356,339,334,277,321,256,360,283
"경기도","55세",364,297,341,275,332,257,277,241,304,263
"경기도","56세",358,297,342,274,242,239,288,278,294,253
"경기도","57세",372,279,353,270,272,230,253,203,280,227
"경기도","58세",321,208,351,201,288,221,244,207,258,201
"경기도","59세",240,181,301,221,251,178,218,207,263,218
"경기도","60세",226,169,245,171,226,182,243,174,253,167
"경기도","61세",174,128,207,151,221,143,252,152,247,202
"경기도","62세",160,98,164,116,182,116,165,120,231,119
"경기도","63세",145,73,146,96,137,87,145,109,173,127
"경기도","64세",108,57,129,81,121,92,147,79,151,101
"경기도","65세",92,58,88,58,102,65,111,98,127,83
"경기도","66세",83,38,89,40,73,62,92,79,118,78
"경기도","67세",65,32,59,35,76,54,87,57,98,64
"경기도","68세",49,34,67,31,62,40,68,48,69,50
"경기도","69세",61,40,70,35,56,34,70,44,66,54
"경기도","70세",46,25,53,29,43,33,50,31,64,52
"경기도","71세",39,27,42,26,46,27,53,35,35,33
"경기도","72세",32,9,45,18,52,23,49,28,50,34
"경기도","73세",24,23,36,21,53,35,50,28,44,25
"경기도","74세",35,15,24,19,28,22,53,30,41,29
"경기도","75세",40,11,32,17,28,18,28,16,51,26
"경기도","76세이상",143,74,184,72,181,81,214,101,213,89
"경기도","미상",0,0,1,0,0,0,0,0,0,0
"강원도","계",6994,6233,6762,5890,5868,5279,5622,5114,5572,4955
"강원도","15세미만",0,0,0,0,0,0,0,0,0,0
"강원도","15세",0,0,0,0,0,0,0,0,0,0
"강원도","16세",0,3,0,0,1,2,0,0,0,0
"강원도","17세",3,4,1,4,0,4,3,5,0,3
"강원도","18세",1,15,8,17,3,6,2,5,2,11
"강원도","19세",13,28,8,31,7,21,7,23,7,23
"강원도","20세",18,44,12,32,11,27,12,28,12,25
"강원도","21세",30,58,24,47,16,66,15,37,21,32
"강원도","22세",62,122,42,90,34,67,34,73,19,52
"강원도","23세",69,147,67,130,51,103,65,90,53,81
"강원도","24세",127,199,111,173,97,173,77,147,98,123
"강원도","25세",220,281,202,270,172,222,158,220,151,199
"강원도","26세",287,379,265,357,208,283,196,324,183,288
"강원도","27세",348,401,309,429,330,416,301,338,271,330
"강원도","28세",371,468,396,459,355,419,369,392,328,361
"강원도","29세",422,470,449,438,386,380,451,424,370,422
"강원도","30세",460,444,473,374,406,355,345,365,382,378
"강원도","31세",462,374,414,340,351,287,387,304,405,296
"강원도","32세",397,287,386,296,358,265,348,251,345,238
"강원도","33세",388,266,359,258,289,217,272,225,283,228
"강원도","34세",335,216,301,218,282,177,251,153,258,178
"강원도","35세",313,176,261,166,205,160,191,151,211,129
"강원도","36세",237,179,240,159,218,147,184,124,178,135
"강원도","37세",200,150,218,154,179,122,172,106,146,101
"강원도","38세",169,107,200,102,146,108,134,98,134,98
"강원도","39세",153,88,148,105,130,87,131,96,133,82
"강원도","40세",157,104,132,92,132,66,109,86,109,76
"강원도","41세",132,85,119,61,90,72,98,64,108,82
"강원도","42세",97,80,108,63,77,63,80,59,100,52
"강원도","43세",111,78,104,59,100,59,79,46,78,44
"강원도","44세",116,76,111,57,83,69,69,47,60,52
"강원도","45세",103,70,113,74,79,58,81,51,57,41
"강원도","46세",94,70,72,55,76,66,64,61,61,40
"강원도","47세",110,72,99,65,73,59,77,58,60,65
"강원도","48세",82,54,79,57,70,59,45,45,77,48
"강원도","49세",96,66,96,68,71,65,66,59,50,52
"강원도","50세",74,63,65,55,67,56,54,57,60,43
"강원도","51세",61,58,68,59,69,53,44,48,61,48
"강원도","52세",55,73,54,54,61,31,64,50,62,39
"강원도","53세",63,45,61,54,62,39,45,37,58,50
"강원도","54세",54,46,48,34,52,49,52,39,57,50
"강원도","55세",60,34,48,48,53,36,41,39,54,42
"강원도","56세",52,36,51,34,46,38,41,31,54,39
"강원도","57세",59,40,59,37,49,29,36,31,53,37
"강원도","58세",41,30,56,44,44,33,44,30,46,37
"강원도","59세",46,24,51,33,44,27,41,28,52,30
"강원도","60세",42,22,46,23,35,23,42,25,39,33
"강원도","61세",33,29,41,18,26,22,46,24,37,27
"강원도","62세",30,10,23,14,29,22,30,33,24,24
"강원도","63세",18,12,29,14,28,10,18,17,22,20
"강원도","64세",19,7,20,11,19,6,23,13,22,6
"강원도","65세",12,4,12,11,16,12,23,9,11,13
"강원도","66세",10,6,11,8,14,4,13,7,17,4
"강원도","67세",8,1,9,7,7,9,6,6,10,8
"강원도","68세",7,5,9,4,7,5,8,5,11,10
"강원도","69세",7,1,11,5,8,2,13,5,9,5
"강원도","70세",9,3,13,7,8,4,4,2,6,5
"강원도","71세",10,5,7,4,4,2,5,2,8,3
"강원도","72세",8,4,11,5,3,1,11,2,6,2
"강원도","73세",4,2,6,1,5,2,9,5,3,3
"강원도","74세",4,2,8,1,5,2,3,4,9,1
"강원도","75세",4,5,3,1,3,5,9,3,7,1
"강원도","76세이상",21,5,15,4,18,7,24,7,24,10
"강원도","미상",0,0,0,0,0,0,0,0,0,0
"충청북도","계",7827,7181,7239,6673,6682,6116,5882,5405,6185,5571
"충청북도","15세미만",0,0,0,0,0,0,0,0,0,0
"충청북도","15세",0,1,0,1,0,1,1,0,0,1
"충청북도","16세",1,2,0,3,0,0,0,2,0,0
"충청북도","17세",1,4,1,3,3,5,1,1,1,0
"충청북도","18세",8,13,5,10,1,11,3,7,1,10
"충청북도","19세",13,39,13,39,10,29,5,18,3,16
"충청북도","20세",21,66,16,33,11,39,8,30,10,27
"충청북도","21세",31,87,31,65,18,43,12,48,18,50
"충청북도","22세",56,102,31,90,35,68,30,65,19,53
"충청북도","23세",73,163,61,139,54,115,41,101,60,88
"충청북도","24세",130,239,100,193,103,196,90,148,70,147
"충청북도","25세",227,374,179,286,133,267,138,225,128,231
"충청북도","26세",298,499,287,448,252,409,232,327,213,342
"충청북도","27세",357,582,393,623,349,508,280,410,293,411
"충청북도","28세",433,615,412,516,453,533,394,435,387,450
"충청북도","29세",578,601,548,532,535,523,437,478,477,490
"충청북도","30세",581,550,505,476,520,467,476,421,480,442
"충청북도","31세",579,429,490,451,516,369,409,363,463,366
"충청북도","32세",489,344,483,355,406,296,341,252,399,281
"충청북도","33세",419,260,461,260,374,259,347,239,333,286
"충청북도","34세",402,231,328,255,316,201,311,217,271,179
"충청북도","35세",317,225,279,199,300,157,235,151,257,154
"충청북도","36세",325,185,255,174,233,157,207,140,213,144
"충청북도","37세",215,122,236,130,197,131,179,99,197,125
"충청북도","38세",194,124,207,115,149,101,145,104,160,108
"충청북도","39세",184,116,156,110,136,101,129,84,148,87
"충청북도","40세",157,83,107,82,114,97,95,75,113,89
"충청북도","41세",127,64,131,83,103,66,83,63,115,81
"충청북도","42세",121,61,100,65,107,56,84,54,94,43
"충청북도","43세",122,70,112,65,82,48,79,54,101,70
"충청북도","44세",115,80,101,65,81,51,70,34,78,61
"충청북도","45세",76,70,100,58,78,64,69,42,65,44
"충청북도","46세",96,80,104,58,85,66,51,54,68,53
"충청북도","47세",94,47,90,60,79,55,68,49,63,45
"충청북도","48세",84,60,73,72,67,56,50,64,79,41
"충청북도","49세",83,55,65,50,69,59,54,38,55,61
"충청북도","50세",80,50,65,55,57,56,66,45,60,46
"충청북도","51세",75,63,74,52,60,59,54,51,66,47
"충청북도","52세",64,55,58,50,61,51,66,52,50,44
"충청북도","53세",44,44,64,42,47,32,64,35,68,47
"충청북도","54세",58,42,52,33,39,38,51,38,47,46
"충청북도","55세",62,41,44,19,45,34,32,40,49,22
"충청북도","56세",64,41,44,47,55,31,52,21,42,33
"충청북도","57세",55,37,44,38,50,36,26,37,48,28
"충청북도","58세",48,25,50,33,42,25,56,34,38,28
"충청북도","59세",43,32,41,24,41,25,30,25,34,20
"충청북도","60세",44,18,41,25,37,22,38,18,38,17
"충청북도","61세",24,17,40,21,32,18,33,24,30,17
"충청북도","62세",27,8,34,15,17,16,28,19,30,18
"충청북도","63세",18,8,15,10,18,10,29,7,26,12
"충청북도","64세",12,7,20,8,9,12,12,14,26,12
"충청북도","65세",14,12,15,5,17,7,8,14,10,10
"충청북도","66세",7,10,3,4,11,9,15,5,15,9
"충청북도","67세",14,2,9,4,9,6,12,4,11,2
"충청북도","68세",8,6,8,1,10,1,7,7,12,7
"충청북도","69세",17,4,5,3,5,1,10,5,9,6
"충청북도","70세",8,3,8,0,9,4,5,2,3,4
"충청북도","71세",8,3,11,6,10,2,5,4,5,5
"충청북도","72세",7,4,7,3,1,4,6,2,3,2
"충청북도","73세",5,1,2,0,5,2,6,2,5,6
"충청북도","74세",1,1,3,2,4,1,1,2,5,1
"충청북도","75세",3,2,3,1,4,3,4,1,3,2
"충청북도","76세이상",10,2,19,8,18,7,12,5,20,4
"충청북도","미상",0,0,0,0,0,0,0,0,0,0
"충청남도","계",10970,9303,9826,8334,8493,7439,8016,7057,8017,7033
"충청남도","15세미만",0,0,0,0,0,0,0,0,0,0
"충청남도","15세",0,1,0,0,0,0,0,0,0,0
"충청남도","16세",0,0,1,3,0,3,1,3,0,1
"충청남도","17세",0,2,3,7,3,5,2,2,0,2
"충청남도","18세",5,19,3,23,4,13,3,8,4,11
"충청남도","19세",14,45,10,42,16,33,14,29,3,23
"충청남도","20세",22,69,20,60,18,47,20,38,19,37
"충청남도","21세",36,117,29,89,30,81,26,75,13,57
"충청남도","22세",60,136,61,122,44,82,41,62,51,83
"충청남도","23세",98,206,87,204,70,170,57,133,68,126
"충청남도","24세",158,330,152,246,106,235,95,202,105,160
"충청남도","25세",266,500,230,382,178,297,180,332,127,284
"충청남도","26세",407,666,322,602,324,516,272,430,257,417
"충청남도","27세",507,733,422,671,421,606,385,558,342,474
"충청남도","28세",637,744,602,621,494,617,502,568,463,575
"충청남도","29세",804,800,678,643,613,625,599,599,523,629
"충청남도","30세",801,647,720,569,639,533,576,535,590,514
"충청남도","31세",773,566,688,472,598,471,604,422,561,457
"충청남도","32세",737,438,642,401,569,388,492,363,535,369
"충청남도","33세",683,358,520,350,475,328,476,310,462,289
"충청남도","34세",573,347,512,285,469,245,418,241,389,293
"충청남도","35세",460,268,403,238,371,195,333,191,338,203
"충청남도","36세",414,239,383,236,333,156,288,160,278,161
"충청남도","37세",398,197,326,179,266,162,252,165,230,147
"충청남도","38세",307,171,270,165,234,150,224,138,244,144
"충청남도","39세",248,141,240,145,203,111,169,117,202,142
"충청남도","40세",217,114,194,117,176,98,177,97,199,107
"충청남도","41세",175,107,167,99,151,89,145,83,143,93
"충청남도","42세",165,93,182,77,122,86,91,88,131,84
"충청남도","43세",176,93,149,90,123,58,120,58,108,63
"충청남도","44세",178,100,170,91,107,63,97,57,105,68
"충청남도","45세",140,99,130,89,87,77,91,76,97,68
"충청남도","46세",136,94,135,87,97,78,94,59,108,56
"충청남도","47세",142,95,100,75,90,54,80,77,78,55
"충청남도","48세",126,80,133,94,85,68,74,76,88,79
"충청남도","49세",108,84,86,81,71,62,77,64,103,61
"충청남도","50세",91,77,98,83,81,79,83,68,96,72
"충청남도","51세",85,55,85,60,79,63,66,71,103,41
"충청남도","52세",93,50,96,51,65,61,81,61,73,56
"충청남도","53세",91,58,80,60,85,44,72,47,85,47
"충청남도","54세",65,44,79,53,62,41,65,47,73,66
"충청남도","55세",71,37,66,47,51,46,60,44,67,37
"충청남도","56세",76,52,73,51,57,31,60,44,55,46
"충청남도","57세",68,46,60,43,55,36,60,29,58,39
"충청남도","58세",51,30,70,47,45,33,40,42,44,43
"충청남도","59세",53,29,60,31,42,37,56,31,53,34
"충청남도","60세",41,31,46,26,43,28,38,30,47,35
"충청남도","61세",32,18,30,23,29,19,39,22,44,31
"충청남도","62세",30,14,35,16,34,21,29,19,52,21
"충청남도","63세",22,14,33,16,21,23,23,14,24,21
"충청남도","64세",17,8,21,16,25,11,23,10,23,23
"충청남도","65세",12,5,12,10,15,7,23,13,25,13
"충청남도","66세",15,4,12,3,14,9,14,11,15,10
"충청남도","67세",7,4,13,7,14,6,14,2,9,9
"충청남도","68세",14,8,9,5,10,11,12,2,15,5
"충청남도","69세",17,4,13,5,15,7,9,2,7,8
"충청남도","70세",10,3,11,8,8,5,13,6,12,4
"충청남도","71세",11,4,7,3,9,3,9,8,6,8
"충청남도","72세",4,3,10,3,6,3,7,3,9,4
"충청남도","73세",7,2,5,0,6,3,10,4,11,4
"충청남도","74세",5,0,4,3,4,1,6,0,9,9
"충청남도","75세",1,0,4,0,5,0,3,1,9,4
"충청남도","76세이상",10,4,24,9,26,9,26,10,29,11
"충청남도","미상",0,0,0,0,0,0,0,0,0,0
"전라북도","계",7219,6839,7005,6632,6053,5822,5325,5306,5394,5095
"전라북도","15세미만",0,0,0,0,0,0,0,0,0,0
"전라북도","15세",0,0,0,0,0,1,0,0,0,0
"전라북도","16세",0,3,0,1,1,3,0,0,0,2
"전라북도","17세",1,3,1,3,1,1,0,0,1,3
"전라북도","18세",8,18,9,16,1,11,3,10,3,14
"전라북도","19세",16,39,9,38,7,22,6,24,3,21
"전라북도","20세",16,57,17,37,7,33,10,28,15,25
"전라북도","21세",28,74,24,53,24,42,9,31,19,40
"전라북도","22세",42,109,41,86,28,80,35,46,25,58
"전라북도","23세",72,139,76,134,51,100,38,95,48,75
"전라북도","24세",104,203,84,236,100,171,55,113,60,109
"전라북도","25세",158,310,148,313,105,236,131,192,105,172
"전라북도","26세",234,404,226,426,185,342,158,298,158,261
"전라북도","27세",279,499,288,482,239,470,204,368,204,361
"전라북도","28세",351,556,341,513,368,471,269,440,292,362
"전라북도","29세",430,555,435,521,377,500,372,489,334,432
"전라북도","30세",447,539,442,411,408,424,381,402,392,394
"전라북도","31세",487,471,426,413,403,373,362,330,337,370
"전라북도","32세",481,327,395,344,381,311,343,295,314,316
"전라북도","33세",419,304,379,311,364,259,315,236,315,233
"전라북도","34세",365,253,334,234,306,232,283,184,265,201
"전라북도","35세",346,230,339,212,262,174,207,158,230,164
"전라북도","36세",314,199,323,189,253,158,226,129,213,129
"전라북도","37세",251,164,264,184,232,137,160,133,171,118
"전라북도","38세",218,118,224,154,202,110,143,133,159,101
"전라북도","39세",186,99,187,116,129,94,128,96,151,103
"전라북도","40세",164,93,172,91,168,95,117,73,134,100
"전라북도","41세",126,92,146,77,101,67,103,78,114,67
"전라북도","42세",173,72,118,76,106,67,96,65,106,70
"전라북도","43세",133,76,122,63,84,60,97,52,70,43
"전라북도","44세",131,68,149,63,96,51,54,38,75,49
"전라북도","45세",101,76,112,60,104,62,63,39,72,46
"전라북도","46세",111,58,108,68,90,56,62,47,87,50
"전라북도","47세",103,44,73,66,76,39,62,60,63,42
"전라북도","48세",96,51,94,48,61,56,66,46,59,43
"전라북도","49세",72,56,73,57,66,42,58,59,59,49
"전라북도","50세",71,52,67,54,60,43,58,41,68,41
"전라북도","51세",50,51,62,39,49,42,65,49,58,48
"전라북도","52세",57,37,55,40,49,41,56,48,55,39
"전라북도","53세",60,38,54,50,49,29,49,45,64,43
"전라북도","54세",52,41,71,42,40,35,40,42,36,26
"전라북도","55세",63,33,58,36,39,33,39,37,41,38
"전라북도","56세",43,40,44,31,40,32,39,37,49,32
"전라북도","57세",44,35,42,34,31,26,26,31,43,23
"전라북도","58세",53,23,56,39,44,23,32,28,28,23
"전라북도","59세",36,26,48,30,38,28,34,26,40,23
"전라북도","60세",35,23,43,19,28,20,41,26,28,15
"전라북도","61세",26,14,25,19,25,12,43,13,37,15
"전라북도","62세",24,12,30,20,26,15,30,19,37,12
"전라북도","63세",36,14,21,8,18,16,20,13,12,14
"전라북도","64세",15,10,28,7,14,15,23,13,17,9
"전라북도","65세",11,8,23,10,11,18,11,9,9,9
"전라북도","66세",10,3,13,9,12,2,21,12,19,5
"전라북도","67세",8,2,10,4,10,5,16,3,7,8
"전라북도","68세",12,0,10,8,13,8,9,4,19,9
"전라북도","69세",7,5,10,7,13,3,7,7,10,6
"전라북도","70세",8,2,8,5,14,4,7,1,3,10
"전라북도","71세",7,3,9,7,1,3,7,3,4,1
"전라북도","72세",7,0,10,3,7,0,2,1,9,6
"전라북도","73세",5,2,4,2,6,7,6,2,4,5
"전라북도","74세",1,2,4,1,2,3,7,1,5,3
"전라북도","75세",1,2,3,0,4,0,7,1,6,1
"전라북도","76세이상",14,2,18,12,24,9,14,7,33,8
"전라북도","미상",0,0,0,0,0,0,0,0,0,0
"전라남도","계",7587,6747,7413,6711,6365,5722,6201,5739,6181,5691
"전라남도","15세미만",0,0,0,0,0,0,0,0,0,0
"전라남도","15세",0,0,0,1,0,0,0,0,0,1
"전라남도","16세",0,5,1,3,0,1,0,1,1,1
"전라남도","17세",4,8,2,3,0,8,0,2,1,4
"전라남도","18세",8,18,12,29,4,11,4,15,3,14
"전라남도","19세",15,53,22,48,4,25,10,28,10,21
"전라남도","20세",17,42,20,45,11,43,12,41,13,41
"전라남도","21세",28,67,15,72,27,39,20,45,11,32
"전라남도","22세",51,108,47,80,39,78,30,63,30,49
"전라남도","23세",68,148,70,128,61,119,59,110,42,86
"전라남도","24세",102,211,107,185,72,170,80,142,56,120
"전라남도","25세",159,325,137,303,156,231,126,197,116,218
"전라남도","26세",247,457,268,424,226,356,175,283,209,264
"전라남도","27세",310,510,272,476,326,416,268,411,266,392
"전라남도","28세",382,501,378,543,352,445,318,476,314,433
"전라남도","29세",483,520,457,551,377,469,401,516,383,530
"전라남도","30세",483,448,494,481,395,411,448,415,387,438
"전라남도","31세",483,401,449,390,387,343,396,383,391,381
"전라남도","32세",431,342,411,382,376,346,378,307,373,282
"전라남도","33세",425,308,392,274,351,254,316,269,329,239
"전라남도","34세",374,252,344,234,318,204,324,209,302,212
"전라남도","35세",351,221,329,207,264,178,264,169,256,168
"전라남도","36세",304,192,306,189,241,145,239,136,223,151
"전라남도","37세",268,154,310,133,243,158,221,138,186,131
"전라남도","38세",235,111,221,153,192,123,200,118,169,110
"전라남도","39세",192,107,199,105,179,90,156,85,182,112
"전라남도","40세",168,88,169,94,156,84,128,82,144,94
"전라남도","41세",155,86,159,97,145,57,104,76,128,86
"전라남도","42세",151,74,158,79,99,60,91,78,103,78
"전라남도","43세",146,62,133,71,90,42,100,66,96,57
"전라남도","44세",146,75,135,57,88,45,94,57,82,55
"전라남도","45세",120,80,121,68,73,53,93,46,91,53
"전라남도","46세",109,73,141,64,76,47,79,59,91,45
"전라남도","47세",104,58,83,65,74,48,81,50,99,61
"전라남도","48세",120,54,95,60,58,56,70,62,90,63
"전라남도","49세",87,62,86,61,85,43,79,58,63,60
"전라남도","50세",93,46,85,63,61,69,74,51,81,72
"전라남도","51세",76,54,80,52,71,48,65,51,71,40
"전라남도","52세",66,51,60,39,62,46,62,66,92,63
"전라남도","53세",58,48,77,45,65,33,61,47,85,42
"전라남도","54세",61,38,55,41,51,33,50,33,76,46
"전라남도","55세",57,52,50,37,60,30,80,32,47,51
"전라남도","56세",64,19,62,39,39,33,39,42,48,41
"전라남도","57세",45,33,58,41,42,35,53,28,50,33
"전라남도","58세",61,33,53,35,49,26,49,26,45,30
"전라남도","59세",47,25,43,34,48,30,37,24,40,35
"전라남도","60세",42,16,31,28,36,30,35,24,38,27
"전라남도","61세",28,15,33,21,47,23,29,15,40,14
"전라남도","62세",25,16,23,15,33,15,37,18,38,13
"전라남도","63세",9,9,23,9,20,9,23,18,25,18
"전라남도","64세",11,14,22,8,22,14,22,13,29,14
"전라남도","65세",16,11,13,8,17,7,20,11,16,8
"전라남도","66세",20,4,17,3,9,4,14,8,15,14
"전라남도","67세",6,9,5,4,10,5,8,8,18,6
"전라남도","68세",13,8,6,7,11,5,8,5,14,13
"전라남도","69세",7,2,11,3,8,7,8,3,8,3
"전라남도","70세",6,7,7,5,8,1,8,3,10,4
"전라남도","71세",9,2,7,6,6,3,8,7,9,6
"전라남도","72세",2,2,8,3,11,3,9,2,6,4
"전라남도","73세",7,2,8,0,4,1,9,2,7,2
"전라남도","74세",7,1,3,2,4,5,6,3,3,1
"전라남도","75세",3,1,5,1,3,1,6,1,12,1
"전라남도","76세이상",22,8,25,7,23,8,17,5,18,8
"전라남도","미상",0,0,0,0,0,0,0,0,0,0
"경상북도","계",11687,10693,10637,9614,9046,8249,8163,7667,8180,7506
"경상북도","15세미만",0,0,0,0,0,0,0,0,0,0
"경상북도","15세",0,1,0,0,0,0,0,1,0,0
"경상북도","16세",1,2,0,2,1,4,0,1,0,2
"경상북도","17세",3,11,1,1,0,6,0,0,3,5
"경상북도","18세",9,28,5,16,5,15,7,14,3,8
"경상북도","19세",18,40,17,33,15,45,7,33,10,22
"경상북도","20세",34,62,16,68,19,46,13,40,9,32
"경상북도","21세",28,75,33,78,17,52,24,57,25,52
"경상북도","22세",70,154,42,103,43,94,45,67,43,79
"경상북도","23세",94,226,92,196,67,136,64,111,56,107
"경상북도","24세",159,332,121,254,112,224,89,190,107,174
"경상북도","25세",204,534,208,422,172,348,137,297,134,270
"경상북도","26세",447,752,358,606,293,522,251,410,232,412
"경상북도","27세",576,841,472,758,393,654,360,556,314,515
"경상북도","28세",634,828,568,687,546,740,483,669,435,538
"경상북도","29세",773,851,750,807,626,705,591,666,561,669
"경상북도","30세",859,767,739,686,700,633,558,578,559,612
"경상북도","31세",815,657,714,660,650,543,583,512,580,513
"경상북도","32세",779,582,700,561,632,437,543,395,525,433
"경상북도","33세",744,474,632,394,518,351,499,295,514,363
"경상북도","34세",649,409,515,336,507,295,439,309,449,279
"경상북도","35세",507,356,489,289,382,232,397,268,366,267
"경상북도","36세",473,303,434,264,338,219,293,190,336,197
"경상북도","37세",421,243,398,248,327,212,267,195,272,182
"경상북도","38세",336,203,345,233,249,137,225,154,239,170
"경상북도","39세",286,158,259,171,228,148,226,146,208,124
"경상북도","40세",239,103,219,120,182,111,162,116,169,141
"경상북도","41세",197,129,164,113,161,103,159,115,165,107
"경상북도","42세",175,122,164,95,133,62,127,94,139,89
"경상북도","43세",171,110,164,101,118,65,116,81,129,72
"경상북도","44세",158,107,180,89,110,68,112,75,101,62
"경상북도","45세",155,105,135,102,109,68,96,70,107,69
"경상북도","46세",140,92,136,92,98,87,97,50,104,56
"경상북도","47세",146,82,147,97,95,70,81,52,97,72
"경상북도","48세",127,90,119,91,87,62,66,79,85,57
"경상북도","49세",120,76,116,96,87,69,79,82,84,68
"경상북도","50세",97,101,103,75,90,79,84,66,82,65
"경상북도","51세",106,66,81,83,87,74,77,69,81,50
"경상북도","52세",82,87,98,60,63,59,83,53,78,47
"경상북도","53세",87,65,99,66,88,48,80,54,79,73
"경상북도","54세",70,65,89,62,88,66,66,58,76,56
"경상북도","55세",99,56,82,61,64,52,55,54,52,61
"경상북도","56세",77,57,86,49,59,40,56,42,58,38
"경상북도","57세",81,40,68,33,53,39,61,46,56,39
"경상북도","58세",63,48,73,70,56,39,59,36,57,37
"경상북도","59세",59,30,67,23,51,39,50,46,55,27
"경상북도","60세",52,40,59,32,49,27,38,42,52,42
"경상북도","61세",42,23,46,25,38,20,47,26,51,16
"경상북도","62세",32,20,36,26,36,12,36,19,34,26
"경상북도","63세",29,19,38,13,32,11,24,9,29,22
"경상북도","64세",22,14,31,13,26,13,30,11,29,14
"경상북도","65세",22,9,16,10,29,14,16,11,22,13
"경상북도","66세",16,11,18,5,18,8,18,12,19,9
"경상북도","67세",10,5,13,4,12,13,11,9,16,11
"경상북도","68세",11,7,9,4,13,10,14,7,13,5
"경상북도","69세",18,10,10,5,14,4,8,8,12,6
"경상북도","70세",10,0,8,7,8,1,6,2,3,4
"경상북도","71세",7,1,12,0,7,5,4,2,9,4
"경상북도","72세",8,2,5,1,6,0,7,1,6,6
"경상북도","73세",8,2,4,4,6,1,7,2,9,0
"경상북도","74세",4,1,6,2,5,2,7,5,7,0
"경상북도","75세",7,0,5,6,5,1,3,1,6,3
"경상북도","76세이상",21,9,23,6,23,9,20,8,29,14
"경상북도","미상",0,0,0,0,0,0,0,0,0,0
"경상남도","계",14996,13842,13613,12421,11900,11162,10531,10120,10504,9867
"경상남도","15세미만",0,0,0,0,0,0,0,0,0,0
"경상남도","15세",0,2,0,0,1,0,1,1,0,0
"경상남도","16세",0,0,3,0,1,1,0,3,0,1
"경상남도","17세",1,5,3,8,0,8,1,3,4,3
"경상남도","18세",4,27,7,20,2,15,1,10,4,4
"경상남도","19세",21,55,11,42,7,40,14,23,7,25
"경상남도","20세",35,88,31,46,19,43,10,30,10,34
"경상남도","21세",47,115,27,90,24,64,24,64,25,58
"경상남도","22세",74,160,48,109,42,90,41,75,47,96
"경상남도","23세",143,252,100,175,81,141,67,136,72,150
"경상남도","24세",170,378,167,328,127,278,114,224,101,205
"경상남도","25세",268,601,249,468,234,453,210,334,174,315
"경상남도","26세",537,919,382,802,389,649,305,609,320,508
"경상남도","27세",618,1048,566,978,581,812,446,671,385,610
"경상남도","28세",782,1113,748,1013,712,1085,566,817,516,745
"경상남도","29세",1057,1183,948,1080,878,1049,740,945,718,871
"경상남도","30세",1148,1096,971,957,907,848,739,795,737,837
"경상남도","31세",1164,963,1037,815,893,770,809,709,770,732
"경상남도","32세",1139,740,979,717,826,629,783,586,723,632
"경상남도","33세",898,616,823,540,797,507,674,446,715,505
"경상남도","34세",861,498,749,407,651,386,586,378,585,399
"경상남도","35세",725,442,648,400,546,343,442,327,495,311
"경상남도","36세",647,375,504,364,447,312,398,281,421,265
"경상남도","37세",529,298,488,313,400,257,351,251,359,236
"경상남도","38세",480,287,445,261,321,205,339,216,312,172
"경상남도","39세",307,190,370,220,300,183,270,196,251,167
"경상남도","40세",271,159,262,158,237,147,212,154,238,139
"경상남도","41세",217,148,227,123,201,125,214,135,204,138
"경상남도","42세",233,153,205,119,172,98,170,134,187,123
"경상남도","43세",203,142,185,132,129,95,136,114,157,106
"경상남도","44세",226,143,174,137,143,93,119,85,127,74
"경상남도","45세",190,121,185,124,140,94,128,102,120,92
"경상남도","46세",162,133,166,116,120,95,107,75,120,81
"경상남도","47세",163,113,186,129,111,120,114,101,121,87
"경상남도","48세",157,131,121,116,119,99,93,81,108,87
"경상남도","49세",123,122,127,109,109,110,95,90,93,99
"경상남도","50세",122,118,153,112,106,101,124,95,112,103
"경상남도","51세",141,106,101,106,101,108,89,85,106,91
"경상남도","52세",115,101,110,75,94,83,94,75,87,74
"경상남도","53세",101,94,123,89,96,73,74,72,96,97
"경상남도","54세",98,65,98,80,107,76,84,78,99,68
"경상남도","55세",105,82,104,72,89,69,78,72,68,54
"경상남도","56세",85,72,89,73,77,58,65,52,75,57
"경상남도","57세",98,65,94,48,80,61,73,48,75,52
"경상남도","58세",85,54,101,74,57,61,57,49,65,38
"경상남도","59세",79,52,80,51,65,45,59,40,56,35
"경상남도","60세",53,35,76,40,57,41,59,50,61,41
"경상남도","61세",44,34,50,28,53,28,61,44,40,51
"경상남도","62세",42,25,54,29,36,22,60,26,48,33
"경상남도","63세",25,33,44,27,34,12,43,19,38,31
"경상남도","64세",30,15,35,25,38,7,27,18,41,24
"경상남도","65세",24,7,18,11,21,10,24,16,31,17
"경상남도","66세",21,11,12,8,17,9,13,13,30,20
"경상남도","67세",15,8,22,7,14,6,11,10,26,13
"경상남도","68세",16,7,12,12,12,6,18,10,17,9
"경상남도","69세",11,16,16,8,10,7,20,9,13,12
"경상남도","70세",16,5,17,3,8,7,15,8,14,7
"경상남도","71세",11,5,11,7,10,4,6,5,11,4
"경상남도","72세",8,1,6,6,9,4,8,3,15,8
"경상남도","73세",11,2,9,1,9,3,6,5,4,3
"경상남도","74세",10,5,9,6,4,2,7,5,5,3
"경상남도","75세",6,4,3,1,5,2,4,2,6,3
"경상남도","76세이상",24,4,24,6,24,13,33,10,39,12
"경상남도","미상",0,0,0,0,0,0,0,0,0,0
"제주특별자치도","계",3638,3220,3358,2937,2981,2746,2661,2457,2718,2499
"제주특별자치도","15세미만",0,0,0,0,0,0,0,0,0,0
"제주특별자치도","15세",0,0,0,0,0,0,0,0,0,0
"제주특별자치도","16세",0,0,0,0,0,0,0,0,0,0
"제주특별자치도","17세",1,1,0,1,1,1,1,4,0,0
"제주특별자치도","18세",4,3,0,6,2,4,0,2,2,7
"제주특별자치도","19세",8,20,6,8,5,12,5,9,2,2
"제주특별자치도","20세",8,19,6,16,9,13,8,13,5,4
"제주특별자치도","21세",13,26,13,21,7,18,8,14,8,10
"제주특별자치도","22세",20,45,13,44,17,28,11,28,9,21
"제주특별자치도","23세",29,44,24,42,27,53,15,27,24,28
"제주특별자치도","24세",46,89,44,89,34,68,21,51,27,49
"제주특별자치도","25세",69,137,68,104,51,111,44,91,43,74
"제주특별자치도","26세",98,191,109,181,93,165,91,102,76,112
"제주특별자치도","27세",144,209,148,208,136,202,115,175,105,139
"제주특별자치도","28세",177,232,141,230,173,213,146,190,134,182
"제주특별자치도","29세",209,242,202,210,202,216,188,230,175,241
"제주특별자치도","30세",247,223,187,182,196,181,177,214,179,214
"제주특별자치도","31세",232,175,174,171,178,180,162,137,150,175
"제주특별자치도","32세",241,158,194,140,178,128,149,126,167,128
"제주특별자치도","33세",174,128,178,126,159,107,141,117,146,125
"제주특별자치도","34세",168,144,151,109,153,109,136,104,105,80
"제주특별자치도","35세",163,139,145,101,124,89,110,80,125,90
"제주특별자치도","36세",153,106,154,111,122,92,103,67,112,70
"제주특별자치도","37세",140,87,146,83,111,81,97,56,93,66
"제주특별자치도","38세",123,74,104,66,78,75,88,59,90,55
"제주특별자치도","39세",92,51,94,68,87,45,95,54,76,43
"제주특별자치도","40세",78,47,76,46,66,49,53,42,71,54
"제주특별자치도","41세",73,43,79,42,55,36,62,42,60,47
"제주특별자치도","42세",66,25,70,28,50,34,40,31,57,31
"제주특별자치도","43세",75,41,62,37,59,39,44,28,49,38
"제주특별자치도","44세",71,47,70,31,48,36,26,22,38,26
"제주특별자치도","45세",76,44,69,49,46,24,40,20,55,22
"제주특별자치도","46세",57,48,61,38,48,23,30,15,35,25
"제주특별자치도","47세",62,32,51,32,39,25,40,32,47,33
"제주특별자치도","48세",47,31,57,32,34,24,26,16,37,24
"제주특별자치도","49세",44,30,44,31,41,28,29,21,39,32
"제주특별자치도","50세",39,37,35,26,31,30,25,24,32,25
"제주특별자치도","51세",33,30,36,34,32,24,37,22,21,25
"제주특별자치도","52세",28,19,35,19,29,19,26,20,28,25
"제주특별자치도","53세",41,22,40,16,22,13,24,18,28,23
"제주특별자치도","54세",38,22,29,28,23,22,25,19,32,13
"제주특별자치도","55세",35,19,28,19,29,16,23,13,23,20
"제주특별자치도","56세",35,13,27,19,25,18,18,15,25,18
"제주특별자치도","57세",22,26,24,13,24,16,13,14,24,12
"제주특별자치도","58세",20,26,26,15,26,9,19,9,25,11
"제주특별자치도","59세",19,7,27,10,12,13,15,10,18,16
"제주특별자치도","60세",19,14,19,5,17,12,18,12,21,11
"제주특별자치도","61세",23,13,12,9,15,5,21,7,12,6
"제주특별자치도","62세",8,8,15,3,8,11,13,7,13,10
"제주특별자치도","63세",14,6,9,5,7,3,9,8,16,8
"제주특별자치도","64세",6,4,8,10,11,8,12,10,8,5
"제주특별자치도","65세",7,2,10,4,8,2,12,4,7,7
"제주특별자치도","66세",6,4,8,3,5,3,6,9,6,4
"제주특별자치도","67세",6,3,5,0,3,4,3,3,5,2
"제주특별자치도","68세",7,4,1,3,4,1,2,1,8,2
"제주특별자치도","69세",4,1,5,3,4,1,8,1,5,1
"제주특별자치도","70세",5,0,3,3,0,1,7,0,4,1
"제주특별자치도","71세",1,3,2,2,1,2,3,2,2,1
"제주특별자치도","72세",1,1,0,1,1,0,3,1,3,2
"제주특별자치도","73세",0,1,2,0,2,0,2,2,3,1
"제주특별자치도","74세",2,1,1,0,2,0,3,1,0,0
"제주특별자치도","75세",2,0,2,0,1,1,2,0,0,0
"제주특별자치도","76세이상",9,3,9,4,10,3,11,6,8,3
"제주특별자치도","미상",0,0,0,0,0,0,0,0,0,0
"국외","계",5283,14899,5248,16091,3385,9408,3163,6913,3804,9846
"국외","15세미만",0,0,0,0,0,0,0,0,0,0
"국외","15세",0,2,0,3,0,3,0,0,0,0
"국외","16세",1,5,1,5,0,1,0,5,1,3
"국외","17세",1,22,1,24,1,10,0,2,0,5
"국외","18세",5,679,3,827,1,258,1,30,0,165
"국외","19세",5,710,3,744,4,363,0,82,5,299
"국외","20세",13,715,13,642,11,298,17,135,11,360
"국외","21세",26,686,28,662,27,323,26,169,29,370
"국외","22세",49,673,57,749,36,398,24,214,46,382
"국외","23세",85,702,90,809,45,431,58,261,53,406
"국외","24세",124,795,111,765,78,456,72,344,87,480
"국외","25세",192,853,187,882,107,490,92,373,125,459
"국외","26세",215,823,208,855,124,503,131,367,135,505
"국외","27세",254,864,251,839,178,535,172,405,163,509
"국외","28세",319,763,329,822,185,531,183,404,187,551
"국외","29세",378,818,357,786,225,495,194,389,233,475
"국외","30세",353,723,325,749,216,461,216,358,244,466
"국외","31세",378,577,367,660,229,410,203,338,251,460
"국외","32세",331,533,326,590,216,331,200,316,227,403
"국외","33세",290,482,296,549,202,344,167,304,212,401
"국외","34세",287,413,267,492,168,329,185,266,218,327
"국외","35세",238,353,231,425,155,271,135,240,194,331
"국외","36세",175,335,207,385,138,237,121,195,172,273
"국외","37세",166,297,170,288,88,217,111,160,165,267
"국외","38세",137,241,134,277,105,173,93,141,130,209
"국외","39세",123,206,109,246,76,181,67,150,91,185
"국외","40세",100,156,110,210,80,127,62,125,97,162
"국외","41세",74,172,86,162,60,116,71,96,78,164
"국외","42세",71,131,75,177,46,111,41,102,58,126
"국외","43세",70,114,64,152,34,92,38,79,53,125
"국외","44세",83,108,70,147,44,86,33,78,53,87
"국외","45세",82,111,70,153,48,88,26,73,36,96
"국외","46세",58,99,51,118,39,90,29,71,42,82
"국외","47세",43,95,56,114,32,87,24,67,33,88
"국외","48세",53,95,68,114,31,65,43,80,43,80
"국외","49세",60,79,44,82,35,63,24,72,29,69
"국외","50세",32,60,45,94,31,59,34,57,30,67
"국외","51세",39,49,46,71,31,59,25,50,27,50
"국외","52세",37,54,36,52,38,45,19,43,14,40
"국외","53세",41,50,33,56,26,42,24,34,28,50
"국외","54세",43,45,19,45,20,39,16,23,14,33
"국외","55세",33,39,30,41,17,35,15,22,19,39
"국외","56세",25,18,32,34,20,25,23,27,17,18
"국외","57세",21,28,32,39,22,24,15,33,17,23
"국외","58세",23,27,23,25,19,17,11,18,16,17
"국외","59세",19,20,24,16,7,7,17,19,12,19
"국외","60세",17,19,21,18,10,16,8,12,9,15
"국외","61세",12,10,24,13,12,12,14,12,7,17
"국외","62세",15,7,18,24,9,10,12,16,13,16
"국외","63세",9,10,12,12,9,8,13,7,12,13
"국외","64세",15,3,19,10,7,8,10,9,10,10
"국외","65세",10,8,12,10,3,3,6,14,6,14
"국외","66세",8,3,6,10,3,7,4,1,8,7
"국외","67세",5,5,8,2,7,6,9,7,7,4
"국외","68세",4,2,7,2,8,2,3,2,11,6
"국외","69세",3,3,9,4,6,0,3,1,3,7
"국외","70세",5,2,7,4,2,3,3,5,5,0
"국외","71세",4,1,2,1,4,1,2,4,2,3
"국외","72세",3,0,4,0,2,1,3,1,3,1
"국외","73세",2,1,4,1,1,0,2,0,1,1
"국외","74세",5,1,1,0,0,1,2,2,0,3
"국외","75세",5,2,3,1,2,2,2,1,4,0
"국외","76세이상",9,2,6,2,5,2,9,2,8,3
"국외","미상",0,0,0,0,0,0,0,0,0,0
