"성별(1)","행정구역별(1)","연령별(1)",2015,2015,2015,2020,2020,2020
"성별(1)","행정구역별(1)","연령별(1)",계,미혼,유배우,계,미혼,유배우
"전체","전국","계",5211133,2284364,585207,6643354,3340537,874341
"전체","전국","20세 미만",58636,58618,18,72119,72119,-
"전체","전국","20~24세",358138,357064,814,496119,494422,1098
"전체","전국","25~29세",461560,451947,7841,775110,760813,10169
"전체","전국","30~34세",453910,415323,28643,618316,571902,32912
"전체","전국","35~39세",369337,302627,39566,497027,414181,49953
"전체","전국","40~44세",377935,253106,57674,427257,304966,63115
"전체","전국","45~49세",381607,174726,82607,476499,263299,95713
"전체","전국","50~54세",412320,113641,102253,497959,183077,125494
"전체","전국","55~59세",448594,75572,103167,541536,120732,147259
"전체","전국","60~64세",375358,38030,66175,580701,79263,144431
"전체","전국","65~69세",359916,20644,40644,458284,40199,89533
"전체","전국","70~74세",374541,11960,26813,382524,19005,54787
"전체","전국","75~79세",369584,6362,17153,350186,10050,32801
"전체","전국","80~84세",267346,3302,8680,278847,4138,18258
"전체","전국","85세 이상",142351,1442,3159,190870,2371,8818
"전체","서울특별시","계",1114964,666685,90634,1390701,903917,114519
"전체","서울특별시","20세 미만",12612,12612,-,14237,14237,-
"전체","서울특별시","20~24세",93906,93766,82,123938,123773,109
"전체","서울특별시","25~29세",157730,155884,1596,238517,236454,1467
"전체","서울특별시","30~34세",144964,137032,6065,183573,175875,5174
"전체","서울특별시","35~39세",100013,87127,7363,126485,112879,7983
"전체","서울특별시","40~44세",88614,66794,9785,91518,73318,8842
"전체","서울특별시","45~49세",75893,43922,11754,90186,59791,12427
"전체","서울특별시","50~54세",72223,27993,12726,82704,41576,13300
"전체","서울특별시","55~59세",77869,19828,13748,84976,28051,15809
"전체","서울특별시","60~64세",66776,10058,10412,94834,18890,18116
"전체","서울특별시","65~69세",65104,5466,7048,77047,10113,12663
"전체","서울특별시","70~74세",60875,3220,5110,65469,4682,8922
"전체","서울특별시","75~79세",49976,1780,3077,54109,2690,5061
"전체","서울특별시","80~84세",31734,882,1399,37968,1079,3063
"전체","서울특별시","85세 이상",16675,321,469,25140,509,1583
"전체","부산광역시","계",361547,145242,32238,455207,213423,48634
"전체","부산광역시","20세 미만",5114,5114,-,4513,4513,-
"전체","부산광역시","20~24세",27750,27713,37,36903,36835,36
"전체","부산광역시","25~29세",25962,25551,308,46740,46137,431
"전체","부산광역시","30~34세",22825,20976,1372,33655,31265,1659
"전체","부산광역시","35~39세",19916,16430,1836,27809,23398,2224
"전체","부산광역시","40~44세",22422,15242,2736,24544,18445,2852
"전체","부산광역시","45~49세",24580,11849,3768,28650,17059,4182
"전체","부산광역시","50~54세",28886,8553,5076,31838,13092,6146
"전체","부산광역시","55~59세",36568,6364,5904,37611,8990,7938
"전체","부산광역시","60~64세",35230,3566,4591,46987,6661,8692
"전체","부산광역시","65~69세",32096,1889,2756,41298,3717,6303
"전체","부산광역시","70~74세",29984,1060,1936,34080,1752,3941
"전체","부산광역시","75~79세",26163,558,1098,28761,965,2437
"전체","부산광역시","80~84세",16290,251,599,20250,397,1312
"전체","부산광역시","85세 이상",7761,126,221,11568,197,481
"전체","대구광역시","계",240352,97221,24627,304543,142145,36915
"전체","대구광역시","20세 미만",3110,3110,-,2757,2757,-
"전체","대구광역시","20~24세",16922,16877,41,21684,21620,50
"전체","대구광역시","25~29세",16775,16343,340,31704,31088,430
"전체","대구광역시","30~34세",16840,15242,1248,23990,22184,1292
"전체","대구광역시","35~39세",15089,12222,1586,19702,16412,2168
"전체","대구광역시","40~44세",17342,11602,2168,18143,13104,2435
"전체","대구광역시","45~49세",18888,8857,3292,21874,12980,3665
"전체","대구광역시","50~54세",20850,5431,4254,24351,8980,5424
"전체","대구광역시","55~59세",22847,3323,4414,27615,5908,6238
"전체","대구광역시","60~64세",20481,1826,2903,29264,3503,6441
"전체","대구광역시","65~69세",18699,975,1693,24493,1735,4013
"전체","대구광역시","70~74세",19526,722,1258,19568,999,2312
"전체","대구광역시","75~79세",17140,379,813,17391,499,1357
"전체","대구광역시","80~84세",10815,253,475,13637,255,741
"전체","대구광역시","85세 이상",5028,59,142,8370,121,349
"전체","인천광역시","계",243261,107034,26032,324841,158585,37049
"전체","인천광역시","20세 미만",1944,1944,-,2469,2469,-
"전체","인천광역시","20~24세",11675,11605,60,17300,17196,52
"전체","인천광역시","25~29세",17905,17361,440,34217,33466,407
"전체","인천광역시","30~34세",21658,19573,1313,28844,26538,1387
"전체","인천광역시","35~39세",20266,16548,1913,25483,21240,2139
"전체","인천광역시","40~44세",21391,14451,2607,23655,16718,2611
"전체","인천광역시","45~49세",21275,9720,3580,26709,15347,4086
"전체","인천광역시","50~54세",23813,7232,4726,27592,10716,5340
"전체","인천광역시","55~59세",24659,4466,4433,30473,6894,6032
"전체","인천광역시","60~64세",18318,2066,2871,31801,4202,6445
"전체","인천광역시","65~69세",16498,947,1809,22911,1959,3453
"전체","인천광역시","70~74세",15592,621,1145,18468,889,2508
"전체","인천광역시","75~79세",13815,272,676,15499,496,1377
"전체","인천광역시","80~84세",9319,167,276,11459,314,698
"전체","인천광역시","85세 이상",5133,61,183,7961,141,514
"전체","광주광역시","계",163354,76710,16791,193948,101032,27745
"전체","광주광역시","20세 미만",2378,2369,9,2761,2761,-
"전체","광주광역시","20~24세",14039,14007,32,17982,17924,34
"전체","광주광역시","25~29세",15545,15235,205,23291,22762,334
"전체","광주광역시","30~34세",15143,13963,918,17700,15953,1278
"전체","광주광역시","35~39세",13306,10864,1288,15817,12748,2049
"전체","광주광역시","40~44세",12053,8283,1459,13684,9796,1925
"전체","광주광역시","45~49세",12152,5167,2605,14641,7608,3263
"전체","광주광역시","50~54세",13018,2961,3094,14868,5138,4229
"전체","광주광역시","55~59세",13610,1856,3035,15300,2847,4740
"전체","광주광역시","60~64세",10634,890,1729,15680,1726,4244
"전체","광주광역시","65~69세",10774,458,1028,11841,1052,2351
"전체","광주광역시","70~74세",10329,316,698,10222,350,1571
"전체","광주광역시","75~79세",10015,228,399,9110,215,1092
"전체","광주광역시","80~84세",6712,28,145,6657,93,458
"전체","광주광역시","85세 이상",3646,85,147,4394,59,177
"전체","대전광역시","계",169024,89971,18672,228842,136451,26473
"전체","대전광역시","20세 미만",4909,4909,-,7850,7850,-
"전체","대전광역시","20~24세",25297,25227,52,35082,35039,18
"전체","대전광역시","25~29세",19117,18710,350,32800,32063,546
"전체","대전광역시","30~34세",14470,13189,976,21864,20296,1159
"전체","대전광역시","35~39세",10861,8804,1262,15705,12727,1923
"전체","대전광역시","40~44세",11806,7453,2089,12747,9106,1955
"전체","대전광역시","45~49세",11156,4685,2662,14219,7473,3290
"전체","대전광역시","50~54세",12738,2991,3363,14613,4856,3901
"전체","대전광역시","55~59세",13760,1866,3455,15647,3169,4356
"전체","대전광역시","60~64세",10995,1034,1959,16701,2019,3990
"전체","대전광역시","65~69세",9946,590,1135,12595,962,2503
"전체","대전광역시","70~74세",8451,297,628,9846,458,1270
"전체","대전광역시","75~79세",7516,166,425,8534,253,796
"전체","대전광역시","80~84세",5381,44,256,6339,74,479
"전체","대전광역시","85세 이상",2621,6,60,4300,106,287
"전체","울산광역시","계",103675,44531,15151,122848,55603,20049
"전체","울산광역시","20세 미만",496,496,-,540,540,-
"전체","울산광역시","20~24세",4452,4445,7,5539,5522,7
"전체","울산광역시","25~29세",8525,8339,147,12167,11813,224
"전체","울산광역시","30~34세",10272,9370,708,10970,9886,757
"전체","울산광역시","35~39세",8790,7316,915,9900,8104,1086
"전체","울산광역시","40~44세",9347,6016,1607,9416,6332,1654
"전체","울산광역시","45~49세",9636,3856,2530,10769,5280,2423
"전체","울산광역시","50~54세",10063,2223,3031,11342,3500,3245
"전체","울산광역시","55~59세",10571,1359,2833,12058,1938,3828
"전체","울산광역시","60~64세",8985,571,1828,12760,1549,3271
"전체","울산광역시","65~69세",6666,322,683,9453,713,1821
"전체","울산광역시","70~74세",5984,108,472,6818,252,917
"전체","울산광역시","75~79세",4981,61,247,5296,90,483
"전체","울산광역시","80~84세",3296,43,89,3670,49,221
"전체","울산광역시","85세 이상",1611,6,54,2150,35,112
"전체","세종특별자치시","계",21909,11383,4510,43577,27255,7667
"전체","세종특별자치시","20세 미만",807,807,-,1330,1330,-
"전체","세종특별자치시","20~24세",3810,3799,6,6881,6881,-
"전체","세종특별자치시","25~29세",2495,2441,49,6623,6476,126
"전체","세종특별자치시","30~34세",1749,1433,289,5478,4761,628
"전체","세종특별자치시","35~39세",1489,1004,398,3855,2855,756
"전체","세종특별자치시","40~44세",1476,778,546,3072,1988,772
"전체","세종특별자치시","45~49세",1647,491,896,3017,1334,1131
"전체","세종특별자치시","50~54세",1559,311,826,2825,694,1220
"전체","세종특별자치시","55~59세",1574,184,770,2535,482,1106
"전체","세종특별자치시","60~64세",1044,64,350,2321,255,876
"전체","세종특별자치시","65~69세",792,43,104,1686,125,557
"전체","세종특별자치시","70~74세",882,17,128,1274,25,240
"전체","세종특별자치시","75~79세",1161,3,76,1117,35,166
"전체","세종특별자치시","80~84세",891,3,41,891,14,59
"전체","세종특별자치시","85세 이상",533,5,31,672,-,30
"전체","경기도","계",1028089,476772,129586,1406010,731775,187869
"전체","경기도","20세 미만",7273,7269,4,8710,8710,-
"전체","경기도","20~24세",49649,49336,223,71325,71005,200
"전체","경기도","25~29세",89528,87230,1852,165901,162420,2465
"전체","경기도","30~34세",102404,92848,6751,147266,135208,8370
"전체","경기도","35~39세",90096,73082,10112,124823,104119,11646
"전체","경기도","40~44세",95657,64156,14433,109713,78491,15062
"전체","경기도","45~49세",92063,43870,18726,119770,67376,21817
"전체","경기도","50~54세",91182,26170,21821,118136,44509,26223
"전체","경기도","55~59세",93524,16503,22173,121372,27495,30901
"전체","경기도","60~64세",70112,7722,13466,122173,16744,30107
"전체","경기도","65~69세",64396,4032,8877,89745,8154,18031
"전체","경기도","70~74세",63922,2309,5336,71100,4063,10619
"전체","경기도","75~79세",58304,1267,3501,60832,2047,6714
"전체","경기도","80~84세",39547,685,1755,45389,818,3832
"전체","경기도","85세 이상",20432,293,556,29755,616,1882
"전체","강원도","계",189651,62755,29215,231371,93860,41588
"전체","강원도","20세 미만",2899,2899,-,3110,3110,-
"전체","강원도","20~24세",16077,16021,48,23355,23281,50
"전체","강원도","25~29세",11029,10592,387,19192,18450,586
"전체","강원도","30~34세",9491,8063,1232,13660,12093,1271
"전체","강원도","35~39세",8454,6041,1634,11306,8495,2010
"전체","강원도","40~44세",9923,5730,2369,11296,6704,2909
"전체","강원도","45~49세",12502,4464,4031,14512,6648,4040
"전체","강원도","50~54세",16573,3862,5547,18255,5234,6230
"전체","강원도","55~59세",18567,2424,5489,22059,4162,7832
"전체","강원도","60~64세",15657,1333,3542,24382,3067,7316
"전체","강원도","65~69세",14444,667,2110,18579,1408,4357
"전체","강원도","70~74세",17514,368,1482,14964,712,2297
"전체","강원도","75~79세",17596,149,791,15634,325,1548
"전체","강원도","80~84세",12084,88,430,12578,101,797
"전체","강원도","85세 이상",6841,54,123,8489,70,345
"전체","충청북도","계",173811,66616,21948,236208,109659,37351
"전체","충청북도","20세 미만",2812,2812,-,4090,4090,-
"전체","충청북도","20~24세",14864,14840,10,22676,22518,116
"전체","충청북도","25~29세",13974,13595,309,26658,26194,321
"전체","충청북도","30~34세",11472,10285,827,18521,16764,1295
"전체","충청북도","35~39세",9215,7326,1000,14585,11580,1821
"전체","충청북도","40~44세",10104,6259,1794,12949,8265,2485
"전체","충청북도","45~49세",11831,4586,3236,15312,7521,3720
"전체","충청북도","50~54세",13584,2981,4007,17924,4995,5908
"전체","충청북도","55~59세",14943,1914,4306,20327,3525,6846
"전체","충청북도","60~64세",12899,1043,2748,21150,2301,6764
"전체","충청북도","65~69세",11020,442,1542,16282,1084,3817
"전체","충청북도","70~74세",13731,252,984,12642,456,2008
"전체","충청북도","75~79세",15089,160,710,13505,231,1245
"전체","충청북도","80~84세",12168,73,352,11514,80,695
"전체","충청북도","85세 이상",6105,48,123,8073,55,310
"전체","충청남도","계",235777,89614,31803,304973,137282,51520
"전체","충청남도","20세 미만",3699,3694,5,4912,4912,-
"전체","충청남도","20~24세",20237,20154,63,26810,26672,97
"전체","충청남도","25~29세",19275,18765,441,30885,30009,613
"전체","충청남도","30~34세",16461,14658,1369,25522,23137,1711
"전체","충청남도","35~39세",13316,10145,2094,20646,16092,2788
"전체","충청남도","40~44세",13589,7892,3086,18007,11408,3956
"전체","충청남도","45~49세",14125,5085,4221,20237,9152,5735
"전체","충청남도","50~54세",17621,3793,6243,22102,6117,7966
"전체","충청남도","55~59세",18723,2595,5797,25582,4156,9536
"전체","충청남도","60~64세",14954,1296,3292,25799,2867,8041
"전체","충청남도","65~69세",16332,791,2057,20045,1383,4806
"전체","충청남도","70~74세",19266,439,1454,17619,797,2961
"전체","충청남도","75~79세",20965,143,943,17741,422,1769
"전체","충청남도","80~84세",17959,128,536,16295,106,1030
"전체","충청남도","85세 이상",9255,36,202,12771,52,511
"전체","전라북도","계",215497,67674,25205,255269,102736,40405
"전체","전라북도","20세 미만",2662,2662,-,3667,3667,-
"전체","전라북도","20~24세",15204,15181,14,21885,21810,39
"전체","전라북도","25~29세",12459,12105,274,21128,20513,467
"전체","전라북도","30~34세",11196,9918,922,15539,13975,1189
"전체","전라북도","35~39세",10205,7814,1470,13402,10625,1711
"전체","전라북도","40~44세",10803,6304,2259,13171,8700,2619
"전체","전라북도","45~49세",12774,4892,3513,16426,7991,4232
"전체","전라북도","50~54세",15361,3398,4717,18814,5738,6344
"전체","전라북도","55~59세",17910,2497,4573,21310,4128,7142
"전체","전라북도","60~64세",16060,1273,2842,23174,2711,6703
"전체","전라북도","65~69세",17945,849,1719,19255,1508,3981
"전체","전라북도","70~74세",19747,397,1272,19054,725,2785
"전체","전라북도","75~79세",23492,204,914,18834,349,1779
"전체","전라북도","80~84세",19577,96,545,16847,194,977
"전체","전라북도","85세 이상",10102,84,171,12763,102,437
"전체","전라남도","계",219463,44725,27315,256633,80020,47614
"전체","전라남도","20세 미만",1076,1076,-,2386,2386,-
"전체","전라남도","20~24세",5750,5721,24,12595,12441,133
"전체","전라남도","25~29세",7624,7342,230,16345,15822,428
"전체","전라남도","30~34세",9291,8007,1001,12926,11154,1362
"전체","전라남도","35~39세",8064,5948,1485,12505,9258,2279
"전체","전라남도","40~44세",9505,5451,2250,12310,7547,3096
"전체","전라남도","45~49세",12007,3921,4079,15922,6944,5117
"전체","전라남도","50~54세",15661,2940,5416,19413,5655,7187
"전체","전라남도","55~59세",17866,1923,5174,22648,3878,8371
"전체","전라남도","60~64세",15904,1008,2968,24469,2655,8064
"전체","전라남도","65~69세",19779,668,1914,20765,1210,4765
"전체","전라남도","70~74세",24728,313,1146,21347,584,3397
"전체","전라남도","75~79세",31335,211,906,24219,276,1832
"전체","전라남도","80~84세",25773,142,516,22384,163,1068
"전체","전라남도","85세 이상",15100,54,206,16399,47,515
"전체","경상북도","계",325348,104796,40142,388791,150733,65084
"전체","경상북도","20세 미만",3815,3815,-,5815,5815,-
"전체","경상북도","20~24세",22832,22752,63,29628,29473,92
"전체","경상북도","25~29세",20758,20179,466,30302,29540,576
"전체","경상북도","30~34세",19014,17136,1448,24489,22052,1850
"전체","경상북도","35~39세",15298,11992,2159,21512,16982,3030
"전체","경상북도","40~44세",16324,9695,3539,20200,13178,4067
"전체","경상북도","45~49세",20035,7320,5968,24467,11231,6946
"전체","경상북도","50~54세",23432,4745,7684,28856,8475,9700
"전체","경상북도","55~59세",27198,3214,7377,34012,6066,11890
"전체","경상북도","60~64세",24659,1722,4806,37436,4221,11279
"전체","경상북도","65~69세",24484,917,2814,31547,2025,7166
"전체","경상북도","70~74세",29648,648,1735,26971,913,3987
"전체","경상북도","75~79세",35009,417,1191,28348,495,2457
"전체","경상북도","80~84세",27517,185,629,26306,184,1389
"전체","경상북도","85세 이상",15325,59,263,18902,83,655
"전체","경상남도","계",346889,111633,43613,417737,158466,68937
"전체","경상남도","20세 미만",2551,2551,-,2351,2351,-
"전체","경상남도","20~24세",13784,13735,47,18608,18564,27
"전체","경상남도","25~29세",19683,19201,349,31153,30387,556
"전체","경상남도","30~34세",23014,20469,1862,28225,25325,2090
"전체","경상남도","35~39세",21174,16888,2588,27074,21594,3424
"전체","경상남도","40~44세",22824,13903,4063,26380,17570,4684
"전체","경상남도","45~49세",25546,9587,6529,31778,15561,7641
"전체","경상남도","50~54세",30206,6629,8345,35644,10789,10588
"전체","경상남도","55~59세",32636,4191,8288,39754,7208,12030
"전체","경상남도","60~64세",28358,2031,5026,44047,4787,11897
"전체","경상남도","65~69세",26787,1178,2973,35392,2473,7599
"전체","경상남도","70~74세",30201,721,1733,28948,1037,4366
"전체","경상남도","75~79세",32438,269,1103,27888,507,2318
"전체","경상남도","80~84세",24390,179,527,23865,188,1201
"전체","경상남도","85세 이상",13297,101,180,16630,125,516
"전체","제주특별자치도","계",58522,21002,7725,81855,37595,14922
"전체","제주특별자치도","20세 미만",479,479,-,621,621,-
"전체","제주특별자치도","20~24세",1890,1885,5,3928,3868,38
"전체","제주특별자치도","25~29세",3176,3074,98,7487,7219,192
"전체","제주특별자치도","30~34세",3646,3161,342,6094,5436,440
"전체","제주특별자치도","35~39세",3785,3076,463,6418,5073,916
"전체","제주특별자치도","40~44세",4755,3097,884,6452,4296,1191
"전체","제주특별자치도","45~49세",5497,2454,1217,8010,4003,1998
"전체","제주특별자치도","50~54세",5550,1428,1377,8682,3013,2543
"전체","제주특별자치도","55~59세",5769,1065,1398,8257,1835,2664
"전체","제주특별자치도","60~64세",4292,527,842,7723,1105,2185
"전체","제주특별자치도","65~69세",4154,410,382,5350,578,1347
"전체","제주특별자치도","70~74세",4161,152,296,4134,311,686
"전체","제주특별자치도","75~79세",4589,95,283,3368,155,370
"전체","제주특별자치도","80~84세",3893,55,110,2798,29,238
"전체","제주특별자치도","85세 이상",2886,44,28,2533,53,114
"여자","전국","계",2896095,944371,232250,3338956,1344323,348418
"여자","전국","20세 미만",29635,29621,14,38265,38265,-
"여자","전국","20~24세",192333,191747,413,277090,275910,788
"여자","전국","25~29세",201739,196465,4080,341920,333993,5420
"여자","전국","30~34세",174420,157054,11474,223843,202887,13531
"여자","전국","35~39세",138779,111086,12642,176927,144909,16455
"여자","전국","40~44세",142914,88152,18031,154360,106495,19998
"여자","전국","45~49세",156390,58512,29572,177189,84807,33005
"여자","전국","50~54세",188636,37938,40067,197482,53398,47693
"여자","전국","55~59세",239277,28981,43726,247316,34833,61775
"여자","전국","60~64세",231393,17678,29335,310184,28556,63080
"여자","전국","65~69세",251551,11368,16905,277787,18848,37936
"여자","전국","70~74세",289772,7294,12106,263396,10220,22781
"여자","전국","75~79세",307060,4546,8139,270302,6219,14377
"여자","전국","80~84세",229793,2677,4310,225791,3047,8042
"여자","전국","85세 이상",122403,1252,1436,157104,1936,3537
"여자","서울특별시","계",603317,315590,40503,739702,440136,52345
"여자","서울특별시","20세 미만",6839,6839,-,8892,8892,-
"여자","서울특별시","20~24세",57066,56981,46,81336,81231,82
"여자","서울특별시","25~29세",79003,77813,1011,124199,122983,832
"여자","서울특별시","30~34세",63607,59790,2746,81326,77491,2338
"여자","서울특별시","35~39세",43723,38039,2684,55945,50160,2865
"여자","서울특별시","40~44세",37380,27625,3363,40374,32817,3109
"여자","서울특별시","45~49세",31778,16993,4305,37856,24015,4390
"여자","서울특별시","50~54세",33118,10963,5346,33911,14846,5222
"여자","서울특별시","55~59세",41504,8496,6639,38624,9297,7620
"여자","서울특별시","60~64세",41253,4898,5581,52516,7620,9584
"여자","서울특별시","65~69세",44161,2957,3517,48062,5173,6847
"여자","서울특별시","70~74세",44411,1894,2720,45288,2611,4742
"여자","서울특별시","75~79세",39480,1263,1584,40864,1749,2581
"여자","서울특별시","80~84세",26293,776,706,30105,801,1379
"여자","서울특별시","85세 이상",13701,263,255,20404,450,754
"여자","부산광역시","계",211595,64417,15341,248896,92582,23522
"여자","부산광역시","20세 미만",2605,2605,-,2650,2650,-
"여자","부산광역시","20~24세",15433,15401,32,21194,21160,24
"여자","부산광역시","25~29세",12111,11879,160,22119,21741,274
"여자","부산광역시","30~34세",10009,8982,686,13359,12101,799
"여자","부산광역시","35~39세",8206,6392,844,10892,8969,910
"여자","부산광역시","40~44세",9337,5773,933,9534,6995,945
"여자","부산광역시","45~49세",10603,4068,1555,11671,6241,1688
"여자","부산광역시","50~54세",14010,2827,2450,13385,4138,2581
"여자","부산광역시","55~59세",20584,2440,2980,18386,2613,4092
"여자","부산광역시","60~64세",22305,1550,2659,26961,2268,4752
"여자","부산광역시","65~69세",22618,1055,1275,26283,1715,3403
"여자","부산광역시","70~74세",22624,668,974,24291,889,2022
"여자","부산광역시","75~79세",21107,435,451,22366,607,1235
"여자","부산광역시","80~84세",13549,221,275,16378,325,602
"여자","부산광역시","85세 이상",6494,121,67,9427,170,195
"여자","대구광역시","계",138455,40943,11033,163591,58169,17701
"여자","대구광역시","20세 미만",1737,1737,-,1538,1538,-
"여자","대구광역시","20~24세",9307,9295,12,12482,12425,46
"여자","대구광역시","25~29세",6903,6648,197,14248,13839,290
"여자","대구광역시","30~34세",6585,5769,583,8501,7606,590
"여자","대구광역시","35~39세",5981,4603,562,7243,5901,731
"여자","대구광역시","40~44세",7105,4341,716,6899,4597,909
"여자","대구광역시","45~49세",7882,2913,1385,8666,4387,1406
"여자","대구광역시","50~54세",10388,1902,1920,10369,2750,2428
"여자","대구광역시","55~59세",13155,1147,2192,14044,1690,3370
"여자","대구광역시","60~64세",13120,842,1467,17157,1297,3594
"여자","대구광역시","65~69세",13575,646,769,16237,838,2037
"여자","대구광역시","70~74세",15137,534,548,14258,613,1164
"여자","대구광역시","75~79세",14131,308,405,13846,388,661
"여자","대구광역시","80~84세",9183,207,217,11241,200,347
"여자","대구광역시","85세 이상",4266,51,60,6862,100,128
"여자","인천광역시","계",124965,40059,10607,156166,58757,15227
"여자","인천광역시","20세 미만",1008,1008,-,1339,1339,-
"여자","인천광역시","20~24세",6018,5977,31,9735,9688,7
"여자","인천광역시","25~29세",7527,7311,139,14732,14282,205
"여자","인천광역시","30~34세",8084,7020,622,9875,8832,504
"여자","인천광역시","35~39세",7435,5697,662,8407,6871,649
"여자","인천광역시","40~44세",7502,4589,699,8155,5220,939
"여자","인천광역시","45~49세",8383,2783,1303,9341,4381,1377
"여자","인천광역시","50~54세",9875,1975,1837,10502,2763,2001
"여자","인천광역시","55~59세",12516,1445,2097,13720,1870,2721
"여자","인천광역시","60~64세",10542,969,1296,16900,1444,2997
"여자","인천광역시","65~69세",11160,554,815,13576,840,1569
"여자","인천광역시","70~74세",11622,363,586,12499,560,1072
"여자","인천광역시","75~79세",11142,164,323,11676,322,611
"여자","인천광역시","80~84세",7840,143,122,9212,232,357
"여자","인천광역시","85세 이상",4311,61,75,6497,113,218
"여자","광주광역시","계",88186,30987,7585,97131,40611,12754
"여자","광주광역시","20세 미만",1214,1205,9,1530,1530,-
"여자","광주광역시","20~24세",7735,7724,11,10434,10376,34
"여자","광주광역시","25~29세",6770,6595,116,10538,10189,214
"여자","광주광역시","30~34세",5953,5330,498,6380,5647,520
"여자","광주광역시","35~39세",4733,3648,459,5410,4105,743
"여자","광주광역시","40~44세",4267,2348,574,4665,3009,684
"여자","광주광역시","45~49세",4882,1537,962,5185,2060,1355
"여자","광주광역시","50~54세",6189,876,1420,5935,1364,1805
"여자","광주광역시","55~59세",7357,646,1632,7548,829,2290
"여자","광주광역시","60~64세",6597,377,823,8660,632,2240
"여자","광주광역시","65~69세",7739,232,515,7406,460,1207
"여자","광주광역시","70~74세",7748,188,254,7294,174,783
"여자","광주광역시","75~79세",8081,186,151,7121,130,573
"여자","광주광역시","80~84세",5802,10,96,5410,49,242
"여자","광주광역시","85세 이상",3119,85,65,3615,57,64
"여자","대전광역시","계",88013,39055,7394,112585,57155,11468
"여자","대전광역시","20세 미만",2364,2364,-,4046,4046,-
"여자","대전광역시","20~24세",13290,13249,23,18602,18578,12
"여자","대전광역시","25~29세",7961,7741,203,13661,13275,338
"여자","대전광역시","30~34세",5726,5123,427,7590,6876,499
"여자","대전광역시","35~39세",4194,3338,401,5697,4480,748
"여자","대전광역시","40~44세",4670,2787,647,4758,3293,642
"여자","대전광역시","45~49세",4598,1659,862,5491,2524,1189
"여자","대전광역시","50~54세",6053,1045,1273,6200,1423,1594
"여자","대전광역시","55~59세",7157,612,1476,7668,971,2019
"여자","대전광역시","60~64세",6776,478,1007,9328,648,2002
"여자","대전광역시","65~69세",6677,322,488,7865,496,1223
"여자","대전광역시","70~74세",6254,176,267,6765,210,512
"여자","대전광역시","75~79세",5793,116,187,6526,174,376
"여자","대전광역시","80~84세",4348,39,91,4979,70,241
"여자","대전광역시","85세 이상",2152,6,42,3409,91,73
"여자","울산광역시","계",50014,13658,5320,54778,16829,7007
"여자","울산광역시","20세 미만",262,262,-,171,171,-
"여자","울산광역시","20~24세",2044,2044,-,2529,2519,5
"여자","울산광역시","25~29세",2636,2547,54,4148,3995,92
"여자","울산광역시","30~34세",2756,2432,246,2978,2599,202
"여자","울산광역시","35~39세",2508,2099,156,2627,2071,281
"여자","울산광역시","40~44세",2959,1553,417,2773,1698,415
"여자","울산광역시","45~49세",3946,1198,815,3650,1389,740
"여자","울산광역시","50~54세",4464,600,1076,4298,841,1086
"여자","울산광역시","55~59세",5547,439,1046,5573,553,1424
"여자","울산광역시","60~64세",5513,213,827,6823,497,1336
"여자","울산광역시","65~69세",4498,130,222,5798,301,798
"여자","울산광역시","70~74세",4600,51,272,4593,95,296
"여자","울산광역시","75~79세",4027,53,131,4046,44,201
"여자","울산광역시","80~84세",2846,37,37,2971,21,91
"여자","울산광역시","85세 이상",1408,-,21,1800,35,40
"여자","세종특별자치시","계",11396,5071,1684,20853,12035,2997
"여자","세종특별자치시","20세 미만",390,390,-,661,661,-
"여자","세종특별자치시","20~24세",1742,1731,6,3584,3584,-
"여자","세종특별자치시","25~29세",989,964,20,2935,2869,51
"여자","세종특별자치시","30~34세",779,625,144,1989,1669,294
"여자","세종특별자치시","35~39세",650,451,145,1429,1049,235
"여자","세종특별자치시","40~44세",588,357,154,1231,858,256
"여자","세종특별자치시","45~49세",751,233,361,1272,603,396
"여자","세종특별자치시","50~54세",685,150,278,1251,329,465
"여자","세종특별자치시","55~59세",774,85,277,1218,192,484
"여자","세종특별자치시","60~64세",607,29,125,1288,138,410
"여자","세종특별자치시","65~69세",522,34,21,1031,44,222
"여자","세종특별자치시","70~74세",682,14,82,874,15,98
"여자","세종특별자치시","75~79세",1005,3,32,830,10,60
"여자","세종특별자치시","80~84세",769,-,21,722,14,14
"여자","세종특별자치시","85세 이상",463,5,18,538,-,12
"여자","경기도","계",521236,179254,50953,647934,263283,75212
"여자","경기도","20세 미만",3703,3703,-,4934,4934,-
"여자","경기도","20~24세",26255,26104,98,39180,38971,119
"여자","경기도","25~29세",35773,34602,881,66481,64508,1337
"여자","경기도","30~34세",35169,31202,2340,46746,41449,3332
"여자","경기도","35~39세",31488,24639,3251,40184,32174,3761
"여자","경기도","40~44세",34350,21022,4549,37425,25246,4831
"여자","경기도","45~49세",36115,14018,6594,42500,20606,7199
"여자","경기도","50~54세",40151,8545,8364,45210,12333,9778
"여자","경기도","55~59세",48311,6252,9425,53940,7854,12653
"여자","경기도","60~64세",41958,3790,6062,64282,6451,13240
"여자","경기도","65~69세",43512,2274,3950,53828,4018,8205
"여자","경기도","70~74세",47969,1432,2567,48100,2335,4952
"여자","경기도","75~79세",46551,880,1735,45576,1314,3196
"여자","경기도","80~84세",32782,543,848,35733,603,1786
"여자","경기도","85세 이상",17149,248,289,23815,487,823
"여자","강원도","계",107139,23385,10439,115693,34526,14984
"여자","강원도","20세 미만",1050,1050,-,1217,1217,-
"여자","강원도","20~24세",6449,6428,18,10649,10599,31
"여자","강원도","25~29세",4011,3837,149,7040,6684,253
"여자","강원도","30~34세",3624,3111,386,4708,3927,612
"여자","강원도","35~39세",3234,2313,504,3942,3058,545
"여자","강원도","40~44세",3524,1854,646,4030,2171,976
"여자","강원도","45~49세",5038,1315,1328,5415,2011,1376
"여자","강원도","50~54세",7584,1176,2209,7245,1431,2296
"여자","강원도","55~59세",9499,865,2060,9929,1213,2991
"여자","강원도","60~64세",9221,627,1235,12154,952,2660
"여자","강원도","65~69세",9872,411,720,10488,620,1505
"여자","강원도","70~74세",13409,218,553,9913,375,733
"여자","강원도","75~79세",14642,93,383,11873,164,565
"여자","강원도","80~84세",10271,56,202,10096,71,298
"여자","강원도","85세 이상",5711,31,46,6994,33,143
"여자","충청북도","계",97179,25444,7716,113743,39030,13458
"여자","충청북도","20세 미만",1206,1206,-,2064,2064,-
"여자","충청북도","20~24세",6927,6909,10,11095,10955,98
"여자","충청북도","25~29세",5261,5059,151,9068,8865,145
"여자","충청북도","30~34세",4182,3681,274,5655,4965,472
"여자","충청북도","35~39세",3153,2408,253,4740,3556,588
"여자","충청북도","40~44세",3717,1974,573,4358,2535,750
"여자","충청북도","45~49세",4803,1484,1060,5631,2107,1306
"여자","충청북도","50~54세",6281,968,1501,7170,1293,2253
"여자","충청북도","55~59세",7626,708,1534,9190,907,2615
"여자","충청북도","60~64세",7950,488,1006,10914,763,2546
"여자","충청북도","65~69세",7399,210,453,9452,531,1212
"여자","충청북도","70~74세",10699,131,352,8493,271,682
"여자","충청북도","75~79세",12365,113,303,10261,119,418
"여자","충청북도","80~84세",10420,59,193,9093,52,251
"여자","충청북도","85세 이상",5190,46,53,6559,47,122
"여자","충청남도","계",134123,34352,10690,145236,48502,16424
"여자","충청남도","20세 미만",2100,2095,5,2701,2701,-
"여자","충청남도","20~24세",10638,10597,31,14709,14621,67
"여자","충청남도","25~29세",7424,7130,253,11099,10657,278
"여자","충청남도","30~34세",5020,4265,486,7201,6274,604
"여자","충청남도","35~39세",3827,2776,445,5476,4019,685
"여자","충청남도","40~44세",4489,2256,786,5164,2935,997
"여자","충청남도","45~49세",5606,1513,1363,6670,2383,1635
"여자","충청남도","50~54세",7664,1191,2029,8324,1497,2635
"여자","충청남도","55~59세",9898,991,2145,10930,1052,3143
"여자","충청남도","60~64세",9029,567,1180,12725,977,2729
"여자","충청남도","65~69세",11562,490,683,11454,637,1440
"여자","충청남도","70~74세",15451,279,481,11714,426,922
"여자","충청남도","75~79세",17793,89,394,13572,234,666
"여자","충청남도","80~84세",15621,89,312,13112,56,432
"여자","충청남도","85세 이상",8001,24,97,10385,33,191
"여자","전라북도","계",133286,25967,9997,133505,37421,15574
"여자","전라북도","20세 미만",1262,1262,-,1592,1592,-
"여자","전라북도","20~24세",6934,6929,-,10385,10343,37
"여자","전라북도","25~29세",4908,4698,149,8761,8408,252
"여자","전라북도","30~34세",4185,3580,396,5325,4563,561
"여자","전라북도","35~39세",3561,2562,453,4347,3180,638
"여자","전라북도","40~44세",3891,1898,714,4342,2639,779
"여자","전라북도","45~49세",5425,1530,1411,5673,2055,1528
"여자","전라북도","50~54세",7093,1024,1885,7321,1363,2450
"여자","전라북도","55~59세",10014,1018,1843,9512,1009,2944
"여자","전라북도","60~64세",10263,509,1182,11962,872,2640
"여자","전라북도","65~69세",13064,410,643,11404,604,1419
"여자","전라북도","70~74세",16035,256,539,13167,335,954
"여자","전라북도","75~79세",20427,154,402,15055,219,776
"여자","전라북도","80~84세",17270,60,289,13980,144,448
"여자","전라북도","85세 이상",8954,77,91,10679,95,148
"여자","전라남도","계",146917,15589,9961,136601,25151,15814
"여자","전라남도","20세 미만",499,499,-,806,806,-
"여자","전라남도","20~24세",2940,2921,14,5816,5689,120
"여자","전라남도","25~29세",3199,3085,98,6483,6251,197
"여자","전라남도","30~34세",3187,2657,365,4049,3335,472
"여자","전라남도","35~39세",2480,1680,451,3607,2418,775
"여자","전라남도","40~44세",3132,1343,757,3582,1956,864
"여자","전라남도","45~49세",4879,1042,1440,5170,1374,1771
"여자","전라남도","50~54세",7211,724,2062,7039,1064,2688
"여자","전라남도","55~59세",9438,552,1892,9581,779,2961
"여자","전라남도","60~64세",10098,329,1057,11728,620,2652
"여자","전라남도","65~69세",14730,270,626,11758,341,1217
"여자","전라남도","70~74세",20744,189,441,14816,238,920
"여자","전라남도","75~79세",27639,151,393,19472,128,598
"여자","전라남도","80~84세",23225,98,279,18759,119,401
"여자","전라남도","85세 이상",13516,49,86,13935,33,178
"여자","경상북도","계",202045,41414,14974,200664,52166,22675
"여자","경상북도","20세 미만",1844,1844,-,2697,2697,-
"여자","경상북도","20~24세",11537,11474,46,14037,13919,74
"여자","경상북도","25~29세",8212,7856,255,10929,10576,238
"여자","경상북도","30~34세",6647,5878,483,7252,6197,718
"여자","경상북도","35~39세",5248,3960,557,6457,4842,904
"여자","경상북도","40~44세",5988,3181,1023,6543,3919,1138
"여자","경상북도","45~49세",8536,2122,2191,8754,3100,2291
"여자","경상북도","50~54세",11297,1541,2997,11493,2050,3586
"여자","경상북도","55~59세",15176,1288,2869,15329,1579,4598
"여자","경상북도","60~64세",16188,874,1818,19366,1409,4003
"여자","경상북도","65~69세",18214,480,991,18967,928,2311
"여자","경상북도","70~74세",24575,400,712,18644,471,1151
"여자","경상북도","75~79세",30748,307,583,22528,284,848
"여자","경상북도","80~84세",24357,160,352,21743,129,562
"여자","경상북도","85세 이상",13478,49,97,15925,66,253
"여자","경상남도","계",203671,39590,15367,211666,52353,25762
"여자","경상남도","20세 미만",1315,1315,-,1114,1114,-
"여자","경상남도","20~24세",6817,6782,35,9040,9003,20
"여자","경상남도","25~29세",7541,7245,193,12041,11637,294
"여자","경상남도","30~34세",7376,6318,641,8544,7301,830
"여자","경상남도","35~39세",6600,5069,621,8002,6062,1045
"여자","경상남도","40~44세",8044,4008,1224,8033,4930,1378
"여자","경상남도","45~49세",10753,3009,2222,11091,4003,2682
"여자","경상남도","50~54세",13965,1865,2991,14242,2782,3999
"여자","경상남도","55~59세",17765,1566,3149,18459,1877,4851
"여자","경상남도","60~64세",17566,887,1759,23581,1599,4829
"여자","경상남도","65~69세",19342,674,1068,21204,1056,2844
"여자","경상남도","70~74세",24656,434,643,19993,497,1496
"여자","경상남도","75~79세",28329,180,532,22208,254,863
"여자","경상남도","80~84세",21821,141,227,20018,133,474
"여자","경상남도","85세 이상",11781,97,62,14096,105,157
"여자","제주특별자치도","계",34558,9596,2686,40212,15617,5494
"여자","제주특별자치도","20세 미만",237,237,-,313,313,-
"여자","제주특별자치도","20~24세",1201,1201,-,2283,2249,12
"여자","제주특별자치도","25~29세",1510,1455,51,3438,3234,130
"여자","제주특별자치도","30~34세",1531,1291,151,2365,2055,184
"여자","제주특별자치도","35~39세",1758,1412,194,2522,1994,352
"여자","제주특별자치도","40~44세",1971,1243,256,2494,1677,386
"여자","제주특별자치도","45~49세",2412,1095,415,3153,1568,676
"여자","제주특별자치도","50~54세",2608,566,429,3587,1131,826
"여자","제주특별자치도","55~59세",2956,431,470,3665,548,999
"여자","제주특별자치도","60~64세",2407,251,251,3839,369,866
"여자","제주특별자치도","65~69세",2906,219,149,2974,246,477
"여자","제주특별자치도","70~74세",3156,67,115,2694,105,282
"여자","제주특별자치도","75~79세",3800,51,150,2482,79,149
"여자","제주특별자치도","80~84세",3396,38,43,2239,28,117
"여자","제주특별자치도","85세 이상",2709,39,12,2164,21,38
"남자","전국","계",2315038,1339993,352957,3304398,1996214,525923
"남자","전국","20세 미만",29001,28997,4,33854,33854,-
"남자","전국","20~24세",165805,165317,401,219029,218512,310
"남자","전국","25~29세",259821,255482,3761,433190,426820,4749
"남자","전국","30~34세",279490,258269,17169,394473,369015,19381
"남자","전국","35~39세",230558,191541,26924,320100,269272,33498
"남자","전국","40~44세",235021,164954,39643,272897,198471,43117
"남자","전국","45~49세",225217,116214,53035,299310,178492,62708
"남자","전국","50~54세",223684,75703,62186,300477,129679,77801
"남자","전국","55~59세",209317,46591,59441,294220,85899,85484
"남자","전국","60~64세",143965,20352,36840,270517,50707,81351
"남자","전국","65~69세",108365,9276,23739,180497,21351,51597
"남자","전국","70~74세",84769,4666,14707,119128,8785,32006
"남자","전국","75~79세",62524,1816,9014,79884,3831,18424
"남자","전국","80~84세",37553,625,4370,53056,1091,10216
"남자","전국","85세 이상",19948,190,1723,33766,435,5281
"남자","서울특별시","계",511647,351095,50131,650999,463781,62174
"남자","서울특별시","20세 미만",5773,5773,-,5345,5345,-
"남자","서울특별시","20~24세",36840,36785,36,42602,42542,27
"남자","서울특별시","25~29세",78727,78071,585,114318,113471,635
"남자","서울특별시","30~34세",81357,77242,3319,102247,98384,2836
"남자","서울특별시","35~39세",56290,49088,4679,70540,62719,5118
"남자","서울특별시","40~44세",51234,39169,6422,51144,40501,5733
"남자","서울특별시","45~49세",44115,26929,7449,52330,35776,8037
"남자","서울특별시","50~54세",39105,17030,7380,48793,26730,8078
"남자","서울특별시","55~59세",36365,11332,7109,46352,18754,8189
"남자","서울특별시","60~64세",25523,5160,4831,42318,11270,8532
"남자","서울특별시","65~69세",20943,2509,3531,28985,4940,5816
"남자","서울특별시","70~74세",16464,1326,2390,20181,2071,4180
"남자","서울특별시","75~79세",10496,517,1493,13245,941,2480
"남자","서울특별시","80~84세",5441,106,693,7863,278,1684
"남자","서울특별시","85세 이상",2974,58,214,4736,59,829
"남자","부산광역시","계",149952,80825,16897,206311,120841,25112
"남자","부산광역시","20세 미만",2509,2509,-,1863,1863,-
"남자","부산광역시","20~24세",12317,12312,5,15709,15675,12
"남자","부산광역시","25~29세",13851,13672,148,24621,24396,157
"남자","부산광역시","30~34세",12816,11994,686,20296,19164,860
"남자","부산광역시","35~39세",11710,10038,992,16917,14429,1314
"남자","부산광역시","40~44세",13085,9469,1803,15010,11450,1907
"남자","부산광역시","45~49세",13977,7781,2213,16979,10818,2494
"남자","부산광역시","50~54세",14876,5726,2626,18453,8954,3565
"남자","부산광역시","55~59세",15984,3924,2924,19225,6377,3846
"남자","부산광역시","60~64세",12925,2016,1932,20026,4393,3940
"남자","부산광역시","65~69세",9478,834,1481,15015,2002,2900
"남자","부산광역시","70~74세",7360,392,962,9789,863,1919
"남자","부산광역시","75~79세",5056,123,647,6395,358,1202
"남자","부산광역시","80~84세",2741,30,324,3872,72,710
"남자","부산광역시","85세 이상",1267,5,154,2141,27,286
"남자","대구광역시","계",101897,56278,13594,140952,83976,19214
"남자","대구광역시","20세 미만",1373,1373,-,1219,1219,-
"남자","대구광역시","20~24세",7615,7582,29,9202,9195,4
"남자","대구광역시","25~29세",9872,9695,143,17456,17249,140
"남자","대구광역시","30~34세",10255,9473,665,15489,14578,702
"남자","대구광역시","35~39세",9108,7619,1024,12459,10511,1437
"남자","대구광역시","40~44세",10237,7261,1452,11244,8507,1526
"남자","대구광역시","45~49세",11006,5944,1907,13208,8593,2259
"남자","대구광역시","50~54세",10462,3529,2334,13982,6230,2996
"남자","대구광역시","55~59세",9692,2176,2222,13571,4218,2868
"남자","대구광역시","60~64세",7361,984,1436,12107,2206,2847
"남자","대구광역시","65~69세",5124,329,924,8256,897,1976
"남자","대구광역시","70~74세",4389,188,710,5310,386,1148
"남자","대구광역시","75~79세",3009,71,408,3545,111,696
"남자","대구광역시","80~84세",1632,46,258,2396,55,394
"남자","대구광역시","85세 이상",762,8,82,1508,21,221
"남자","인천광역시","계",118296,66975,15425,168675,99828,21822
"남자","인천광역시","20세 미만",936,936,-,1130,1130,-
"남자","인천광역시","20~24세",5657,5628,29,7565,7508,45
"남자","인천광역시","25~29세",10378,10050,301,19485,19184,202
"남자","인천광역시","30~34세",13574,12553,691,18969,17706,883
"남자","인천광역시","35~39세",12831,10851,1251,17076,14369,1490
"남자","인천광역시","40~44세",13889,9862,1908,15500,11498,1672
"남자","인천광역시","45~49세",12892,6937,2277,17368,10966,2709
"남자","인천광역시","50~54세",13938,5257,2889,17090,7953,3339
"남자","인천광역시","55~59세",12143,3021,2336,16753,5024,3311
"남자","인천광역시","60~64세",7776,1097,1575,14901,2758,3448
"남자","인천광역시","65~69세",5338,393,994,9335,1119,1884
"남자","인천광역시","70~74세",3970,258,559,5969,329,1436
"남자","인천광역시","75~79세",2673,108,353,3823,174,766
"남자","인천광역시","80~84세",1479,24,154,2247,82,341
"남자","인천광역시","85세 이상",822,-,108,1464,28,296
"남자","광주광역시","계",75168,45723,9206,96817,60421,14991
"남자","광주광역시","20세 미만",1164,1164,-,1231,1231,-
"남자","광주광역시","20~24세",6304,6283,21,7548,7548,-
"남자","광주광역시","25~29세",8775,8640,89,12753,12573,120
"남자","광주광역시","30~34세",9190,8633,420,11320,10306,758
"남자","광주광역시","35~39세",8573,7216,829,10407,8643,1306
"남자","광주광역시","40~44세",7786,5935,885,9019,6787,1241
"남자","광주광역시","45~49세",7270,3630,1643,9456,5548,1908
"남자","광주광역시","50~54세",6829,2085,1674,8933,3774,2424
"남자","광주광역시","55~59세",6253,1210,1403,7752,2018,2450
"남자","광주광역시","60~64세",4037,513,906,7020,1094,2004
"남자","광주광역시","65~69세",3035,226,513,4435,592,1144
"남자","광주광역시","70~74세",2581,128,444,2928,176,788
"남자","광주광역시","75~79세",1934,42,248,1989,85,519
"남자","광주광역시","80~84세",910,18,49,1247,44,216
"남자","광주광역시","85세 이상",527,-,82,779,2,113
"남자","대전광역시","계",81011,50916,11278,116257,79296,15005
"남자","대전광역시","20세 미만",2545,2545,-,3804,3804,-
"남자","대전광역시","20~24세",12007,11978,29,16480,16461,6
"남자","대전광역시","25~29세",11156,10969,147,19139,18788,208
"남자","대전광역시","30~34세",8744,8066,549,14274,13420,660
"남자","대전광역시","35~39세",6667,5466,861,10008,8247,1175
"남자","대전광역시","40~44세",7136,4666,1442,7989,5813,1313
"남자","대전광역시","45~49세",6558,3026,1800,8728,4949,2101
"남자","대전광역시","50~54세",6685,1946,2090,8413,3433,2307
"남자","대전광역시","55~59세",6603,1254,1979,7979,2198,2337
"남자","대전광역시","60~64세",4219,556,952,7373,1371,1988
"남자","대전광역시","65~69세",3269,268,647,4730,466,1280
"남자","대전광역시","70~74세",2197,121,361,3081,248,758
"남자","대전광역시","75~79세",1723,50,238,2008,79,420
"남자","대전광역시","80~84세",1033,5,165,1360,4,238
"남자","대전광역시","85세 이상",469,-,18,891,15,214
"남자","울산광역시","계",53661,30873,9831,68070,38774,13042
"남자","울산광역시","20세 미만",234,234,-,369,369,-
"남자","울산광역시","20~24세",2408,2401,7,3010,3003,2
"남자","울산광역시","25~29세",5889,5792,93,8019,7818,132
"남자","울산광역시","30~34세",7516,6938,462,7992,7287,555
"남자","울산광역시","35~39세",6282,5217,759,7273,6033,805
"남자","울산광역시","40~44세",6388,4463,1190,6643,4634,1239
"남자","울산광역시","45~49세",5690,2658,1715,7119,3891,1683
"남자","울산광역시","50~54세",5599,1623,1955,7044,2659,2159
"남자","울산광역시","55~59세",5024,920,1787,6485,1385,2404
"남자","울산광역시","60~64세",3472,358,1001,5937,1052,1935
"남자","울산광역시","65~69세",2168,192,461,3655,412,1023
"남자","울산광역시","70~74세",1384,57,200,2225,157,621
"남자","울산광역시","75~79세",954,8,116,1250,46,282
"남자","울산광역시","80~84세",450,6,52,699,28,130
"남자","울산광역시","85세 이상",203,6,33,350,-,72
"남자","세종특별자치시","계",10513,6312,2826,22724,15220,4670
"남자","세종특별자치시","20세 미만",417,417,-,669,669,-
"남자","세종특별자치시","20~24세",2068,2068,-,3297,3297,-
"남자","세종특별자치시","25~29세",1506,1477,29,3688,3607,75
"남자","세종특별자치시","30~34세",970,808,145,3489,3092,334
"남자","세종특별자치시","35~39세",839,553,253,2426,1806,521
"남자","세종특별자치시","40~44세",888,421,392,1841,1130,516
"남자","세종특별자치시","45~49세",896,258,535,1745,731,735
"남자","세종특별자치시","50~54세",874,161,548,1574,365,755
"남자","세종특별자치시","55~59세",800,99,493,1317,290,622
"남자","세종특별자치시","60~64세",437,35,225,1033,117,466
"남자","세종특별자치시","65~69세",270,9,83,655,81,335
"남자","세종특별자치시","70~74세",200,3,46,400,10,142
"남자","세종특별자치시","75~79세",156,-,44,287,25,106
"남자","세종특별자치시","80~84세",122,3,20,169,-,45
"남자","세종특별자치시","85세 이상",70,-,13,134,-,18
"남자","경기도","계",506853,297518,78633,758076,468492,112657
"남자","경기도","20세 미만",3570,3566,4,3776,3776,-
"남자","경기도","20~24세",23394,23232,125,32145,32034,81
"남자","경기도","25~29세",53755,52628,971,99420,97912,1128
"남자","경기도","30~34세",67235,61646,4411,100520,93759,5038
"남자","경기도","35~39세",58608,48443,6861,84639,71945,7885
"남자","경기도","40~44세",61307,43134,9884,72288,53245,10231
"남자","경기도","45~49세",55948,29852,12132,77270,46770,14618
"남자","경기도","50~54세",51031,17625,13457,72926,32176,16445
"남자","경기도","55~59세",45213,10251,12748,67432,19641,18248
"남자","경기도","60~64세",28154,3932,7404,57891,10293,16867
"남자","경기도","65~69세",20884,1758,4927,35917,4136,9826
"남자","경기도","70~74세",15953,877,2769,23000,1728,5667
"남자","경기도","75~79세",11753,387,1766,15256,733,3518
"남자","경기도","80~84세",6765,142,907,9656,215,2046
"남자","경기도","85세 이상",3283,45,267,5940,129,1059
"남자","강원도","계",82512,39370,18776,115678,59334,26604
"남자","강원도","20세 미만",1849,1849,-,1893,1893,-
"남자","강원도","20~24세",9628,9593,30,12706,12682,19
"남자","강원도","25~29세",7018,6755,238,12152,11766,333
"남자","강원도","30~34세",5867,4952,846,8952,8166,659
"남자","강원도","35~39세",5220,3728,1130,7364,5437,1465
"남자","강원도","40~44세",6399,3876,1723,7266,4533,1933
"남자","강원도","45~49세",7464,3149,2703,9097,4637,2664
"남자","강원도","50~54세",8989,2686,3338,11010,3803,3934
"남자","강원도","55~59세",9068,1559,3429,12130,2949,4841
"남자","강원도","60~64세",6436,706,2307,12228,2115,4656
"남자","강원도","65~69세",4572,256,1390,8091,788,2852
"남자","강원도","70~74세",4105,150,929,5051,337,1564
"남자","강원도","75~79세",2954,56,408,3761,161,983
"남자","강원도","80~84세",1813,32,228,2482,30,499
"남자","강원도","85세 이상",1130,23,77,1495,37,202
"남자","충청북도","계",76632,41172,14232,122465,70629,23893
"남자","충청북도","20세 미만",1606,1606,-,2026,2026,-
"남자","충청북도","20~24세",7937,7931,-,11581,11563,18
"남자","충청북도","25~29세",8713,8536,158,17590,17329,176
"남자","충청북도","30~34세",7290,6604,553,12866,11799,823
"남자","충청북도","35~39세",6062,4918,747,9845,8024,1233
"남자","충청북도","40~44세",6387,4285,1221,8591,5730,1735
"남자","충청북도","45~49세",7028,3102,2176,9681,5414,2414
"남자","충청북도","50~54세",7303,2013,2506,10754,3702,3655
"남자","충청북도","55~59세",7317,1206,2772,11137,2618,4231
"남자","충청북도","60~64세",4949,555,1742,10236,1538,4218
"남자","충청북도","65~69세",3621,232,1089,6830,553,2605
"남자","충청북도","70~74세",3032,121,632,4149,185,1326
"남자","충청북도","75~79세",2724,47,407,3244,112,827
"남자","충청북도","80~84세",1748,14,159,2421,28,444
"남자","충청북도","85세 이상",915,2,70,1514,8,188
"남자","충청남도","계",101654,55262,21113,159737,88780,35096
"남자","충청남도","20세 미만",1599,1599,-,2211,2211,-
"남자","충청남도","20~24세",9599,9557,32,12101,12051,30
"남자","충청남도","25~29세",11851,11635,188,19786,19352,335
"남자","충청남도","30~34세",11441,10393,883,18321,16863,1107
"남자","충청남도","35~39세",9489,7369,1649,15170,12073,2103
"남자","충청남도","40~44세",9100,5636,2300,12843,8473,2959
"남자","충청남도","45~49세",8519,3572,2858,13567,6769,4100
"남자","충청남도","50~54세",9957,2602,4214,13778,4620,5331
"남자","충청남도","55~59세",8825,1604,3652,14652,3104,6393
"남자","충청남도","60~64세",5925,729,2112,13074,1890,5312
"남자","충청남도","65~69세",4770,301,1374,8591,746,3366
"남자","충청남도","70~74세",3815,160,973,5905,371,2039
"남자","충청남도","75~79세",3172,54,549,4169,188,1103
"남자","충청남도","80~84세",2338,39,224,3183,50,598
"남자","충청남도","85세 이상",1254,12,105,2386,19,320
"남자","전라북도","계",82211,41707,15208,121764,65315,24831
"남자","전라북도","20세 미만",1400,1400,-,2075,2075,-
"남자","전라북도","20~24세",8270,8252,14,11500,11467,2
"남자","전라북도","25~29세",7551,7407,125,12367,12105,215
"남자","전라북도","30~34세",7011,6338,526,10214,9412,628
"남자","전라북도","35~39세",6644,5252,1017,9055,7445,1073
"남자","전라북도","40~44세",6912,4406,1545,8829,6061,1840
"남자","전라북도","45~49세",7349,3362,2102,10753,5936,2704
"남자","전라북도","50~54세",8268,2374,2832,11493,4375,3894
"남자","전라북도","55~59세",7896,1479,2730,11798,3119,4198
"남자","전라북도","60~64세",5797,764,1660,11212,1839,4063
"남자","전라북도","65~69세",4881,439,1076,7851,904,2562
"남자","전라북도","70~74세",3712,141,733,5887,390,1831
"남자","전라북도","75~79세",3065,50,512,3779,130,1003
"남자","전라북도","80~84세",2307,36,256,2867,50,529
"남자","전라북도","85세 이상",1148,7,80,2084,7,289
"남자","전라남도","계",72546,29136,17354,120032,54869,31800
"남자","전라남도","20세 미만",577,577,-,1580,1580,-
"남자","전라남도","20~24세",2810,2800,10,6779,6752,13
"남자","전라남도","25~29세",4425,4257,132,9862,9571,231
"남자","전라남도","30~34세",6104,5350,636,8877,7819,890
"남자","전라남도","35~39세",5584,4268,1034,8898,6840,1504
"남자","전라남도","40~44세",6373,4108,1493,8728,5591,2232
"남자","전라남도","45~49세",7128,2879,2639,10752,5570,3346
"남자","전라남도","50~54세",8450,2216,3354,12374,4591,4499
"남자","전라남도","55~59세",8428,1371,3282,13067,3099,5410
"남자","전라남도","60~64세",5806,679,1911,12741,2035,5412
"남자","전라남도","65~69세",5049,398,1288,9007,869,3548
"남자","전라남도","70~74세",3984,124,705,6531,346,2477
"남자","전라남도","75~79세",3696,60,513,4747,148,1234
"남자","전라남도","80~84세",2548,44,237,3625,44,667
"남자","전라남도","85세 이상",1584,5,120,2464,14,337
"남자","경상북도","계",123303,63382,25168,188127,98567,42409
"남자","경상북도","20세 미만",1971,1971,-,3118,3118,-
"남자","경상북도","20~24세",11295,11278,17,15591,15554,18
"남자","경상북도","25~29세",12546,12323,211,19373,18964,338
"남자","경상북도","30~34세",12367,11258,965,17237,15855,1132
"남자","경상북도","35~39세",10050,8032,1602,15055,12140,2126
"남자","경상북도","40~44세",10336,6514,2516,13657,9259,2929
"남자","경상북도","45~49세",11499,5198,3777,15713,8131,4655
"남자","경상북도","50~54세",12135,3204,4687,17363,6425,6114
"남자","경상북도","55~59세",12022,1926,4508,18683,4487,7292
"남자","경상북도","60~64세",8471,848,2988,18070,2812,7276
"남자","경상북도","65~69세",6270,437,1823,12580,1097,4855
"남자","경상북도","70~74세",5073,248,1023,8327,442,2836
"남자","경상북도","75~79세",4261,110,608,5820,211,1609
"남자","경상북도","80~84세",3160,25,277,4563,55,827
"남자","경상북도","85세 이상",1847,10,166,2977,17,402
"남자","경상남도","계",143218,72043,28246,206071,106113,43175
"남자","경상남도","20세 미만",1236,1236,-,1237,1237,-
"남자","경상남도","20~24세",6967,6953,12,9568,9561,7
"남자","경상남도","25~29세",12142,11956,156,19112,18750,262
"남자","경상남도","30~34세",15638,14151,1221,19681,18024,1260
"남자","경상남도","35~39세",14574,11819,1967,19072,15532,2379
"남자","경상남도","40~44세",14780,9895,2839,18347,12640,3306
"남자","경상남도","45~49세",14793,6578,4307,20687,11558,4959
"남자","경상남도","50~54세",16241,4764,5354,21402,8007,6589
"남자","경상남도","55~59세",14871,2625,5139,21295,5331,7179
"남자","경상남도","60~64세",10792,1144,3267,20466,3188,7068
"남자","경상남도","65~69세",7445,504,1905,14188,1417,4755
"남자","경상남도","70~74세",5545,287,1090,8955,540,2870
"남자","경상남도","75~79세",4109,89,571,5680,253,1455
"남자","경상남도","80~84세",2569,38,300,3847,55,727
"남자","경상남도","85세 이상",1516,4,118,2534,20,359
"남자","제주특별자치도","계",23964,11406,5039,41643,21978,9428
"남자","제주특별자치도","20세 미만",242,242,-,308,308,-
"남자","제주특별자치도","20~24세",689,684,5,1645,1619,26
"남자","제주특별자치도","25~29세",1666,1619,47,4049,3985,62
"남자","제주특별자치도","30~34세",2115,1870,191,3729,3381,256
"남자","제주특별자치도","35~39세",2027,1664,269,3896,3079,564
"남자","제주특별자치도","40~44세",2784,1854,628,3958,2619,805
"남자","제주특별자치도","45~49세",3085,1359,802,4857,2435,1322
"남자","제주특별자치도","50~54세",2942,862,948,5095,1882,1717
"남자","제주특별자치도","55~59세",2813,634,928,4592,1287,1665
"남자","제주특별자치도","60~64세",1885,276,591,3884,736,1319
"남자","제주특별자치도","65~69세",1248,191,233,2376,332,870
"남자","제주특별자치도","70~74세",1005,85,181,1440,206,404
"남자","제주특별자치도","75~79세",789,44,133,886,76,221
"남자","제주특별자치도","80~84세",497,17,67,559,1,121
"남자","제주특별자치도","85세 이상",177,5,16,369,32,76
